trades,wr_1R,wr_1_5R,wr_2R,avg_r_1R,avg_r_1_5R,avg_r_2R,pf_1R,pf_1_5R,pf_2R,avg_risk,avg_mfe,avg_mae,max_dd_1R,max_dd_1_5R,max_dd_2R,test_type,feature_set,feature_count,delta_pf_1R,delta_avg_r_1R,delta_dd_1R,quality_score
224,66.07,54.91,45.09,0.321,0.373,0.353,1.947,1.827,1.642,17.98,46.99,-15.59,-8.0,-10.5,-13.0,triple,vwap_aligned + directional_v_reversal + rel_vol_ge_1_25,3,0.953,0.324,71.0,280.87
156,65.38,54.49,40.38,0.308,0.362,0.212,1.889,1.796,1.355,17.84,41.95,-16.63,-5.0,-7.0,-12.0,triple,vwap_aligned + directional_v_reversal + fib_50,3,0.895,0.311,74.0,277.58
529,61.44,49.53,38.19,0.229,0.238,0.146,1.593,1.472,1.235,18.89,40.39,-18.14,-11.0,-22.0,-34.0,triple,vwap_aligned + directional_recent_fvg + directional_v_reversal,3,0.599,0.232,68.0,267.14
125,63.2,55.2,45.6,0.264,0.38,0.368,1.717,1.848,1.676,18.07,49.57,-15.69,-6.0,-7.0,-9.0,triple,directional_v_reversal + fib_50 + rel_vol_ge_1_25,3,0.723,0.267,73.0,252.3
420,60.95,48.81,37.38,0.219,0.22,0.121,1.561,1.43,1.194,19.48,39.61,-18.8,-8.0,-18.0,-27.0,triple,vwap_aligned + directional_v_reversal + has_liq_sweep,3,0.567,0.222,71.0,246.95
369,61.25,49.05,40.92,0.225,0.226,0.228,1.58,1.444,1.385,17.82,43.74,-16.62,-10.0,-12.5,-18.0,triple,directional_recent_fvg + directional_v_reversal + rel_vol_ge_1_25,3,0.586,0.228,69.0,246.75
303,60.07,47.85,38.28,0.201,0.196,0.149,1.504,1.377,1.241,11.67,29.01,-11.32,-9.0,-19.0,-31.0,triple,vwap_aligned + directional_v_reversal + risk_le_20,3,0.51,0.204,70.0,237.07
537,56.8,44.69,35.94,0.136,0.117,0.078,1.315,1.212,1.122,11.89,26.66,-12.3,-15.0,-27.0,-43.0,triple,directional_recent_fvg + directional_v_reversal + risk_le_20,3,0.321,0.139,64.0,219.4
293,59.39,46.76,38.91,0.188,0.169,0.167,1.462,1.317,1.274,18.04,42.7,-16.88,-13.0,-21.0,-22.0,triple,directional_v_reversal + has_liq_sweep + rel_vol_ge_1_25,3,0.468,0.191,66.0,204.89
224,58.48,46.43,40.62,0.17,0.161,0.219,1.409,1.3,1.368,10.84,27.55,-11.07,-9.0,-15.0,-17.0,triple,directional_v_reversal + risk_le_20 + rel_vol_ge_1_25,3,0.415,0.173,70.0,202.88
733,56.75,44.75,35.33,0.135,0.119,0.06,1.312,1.215,1.093,19.31,40.2,-19.03,-28.0,-38.5,-61.0,triple,directional_recent_fvg + directional_v_reversal + has_liq_sweep,3,0.318,0.138,51.0,199.45
282,57.8,49.29,37.23,0.156,0.232,0.117,1.37,1.458,1.186,18.11,41.48,-17.46,-10.0,-14.5,-21.0,triple,directional_recent_fvg + directional_v_reversal + fib_50,3,0.376,0.159,69.0,195.4
223,57.4,47.98,36.32,0.148,0.2,0.09,1.347,1.384,1.141,18.97,41.94,-18.51,-10.0,-14.0,-20.0,triple,directional_v_reversal + has_liq_sweep + fib_50,3,0.353,0.151,69.0,191.9
176,55.11,45.45,34.66,0.102,0.136,0.04,1.228,1.25,1.061,12.17,26.5,-12.49,-9.0,-14.5,-19.0,triple,directional_v_reversal + fib_50 + risk_le_20,3,0.234,0.105,70.0,174.61
646,51.39,43.34,33.28,0.028,0.084,-0.002,1.057,1.148,0.998,19.82,35.48,-19.57,-23.0,-23.0,-37.0,triple,vwap_aligned + has_liq_sweep + fib_50,3,0.063,0.031,56.0,165.39
411,53.77,41.61,34.06,0.075,0.04,0.022,1.163,1.069,1.033,12.2,24.53,-12.98,-23.0,-41.0,-48.0,triple,directional_v_reversal + has_liq_sweep + risk_le_20,3,0.169,0.078,56.0,163.07
777,51.22,43.24,33.72,0.024,0.081,0.012,1.05,1.143,1.017,19.45,35.31,-19.1,-26.0,-27.0,-45.0,triple,vwap_aligned + directional_recent_fvg + fib_50,3,0.056,0.027,53.0,159.62
336,49.7,43.75,33.93,-0.006,0.094,0.018,0.988,1.167,1.027,19.19,34.33,-18.99,-18.0,-16.5,-19.0,triple,vwap_aligned + fib_50 + rel_vol_ge_1_25,3,-0.006,-0.003,61.0,140.9
1297,50.04,40.32,31.77,0.001,0.008,-0.047,1.002,1.014,0.931,19.79,34.11,-19.82,-33.0,-55.5,-97.0,triple,directional_recent_fvg + has_liq_sweep + fib_50,3,0.008,0.004,46.0,140.84
1879,51.78,40.98,32.68,0.036,0.024,-0.02,1.074,1.041,0.971,19.69,34.66,-19.45,-46.0,-73.5,-94.0,triple,vwap_aligned + directional_recent_fvg + has_liq_sweep,3,0.08,0.039,33.0,133.78
427,48.95,40.28,32.08,-0.021,0.007,-0.037,0.959,1.012,0.945,12.09,22.16,-12.46,-23.0,-20.0,-33.0,triple,vwap_aligned + fib_50 + risk_le_20,3,-0.035,-0.018,56.0,128.25
691,47.61,37.48,30.68,-0.048,-0.063,-0.08,0.909,0.899,0.885,12.29,20.9,-13.26,-38.0,-57.5,-79.0,triple,has_liq_sweep + fib_50 + risk_le_20,3,-0.085,-0.045,41.0,116.71
1005,49.25,38.91,32.04,-0.015,-0.027,-0.039,0.971,0.955,0.943,12.04,22.62,-12.52,-46.0,-58.5,-70.0,triple,vwap_aligned + has_liq_sweep + risk_le_20,3,-0.023,-0.012,33.0,115.85
814,49.14,39.56,31.08,-0.017,-0.011,-0.068,0.966,0.982,0.902,19.15,33.13,-19.09,-49.0,-48.0,-78.0,triple,vwap_aligned + has_liq_sweep + rel_vol_ge_1_25,3,-0.028,-0.014,30.0,110.54
874,47.71,38.22,31.01,-0.046,-0.045,-0.07,0.912,0.928,0.899,12.13,21.39,-12.92,-47.0,-48.5,-83.0,triple,directional_recent_fvg + fib_50 + risk_le_20,3,-0.082,-0.043,32.0,103.81
566,46.47,38.16,30.39,-0.071,-0.046,-0.088,0.868,0.926,0.873,19.51,31.89,-20.01,-44.0,-35.0,-60.0,triple,has_liq_sweep + fib_50 + rel_vol_ge_1_25,3,-0.126,-0.068,35.0,100.17
713,46.7,38.43,30.58,-0.066,-0.039,-0.083,0.876,0.936,0.881,19.12,31.78,-19.24,-52.0,-36.0,-68.0,triple,directional_recent_fvg + fib_50 + rel_vol_ge_1_25,3,-0.118,-0.063,27.0,89.7
996,49.2,39.86,31.33,-0.016,-0.004,-0.06,0.968,0.994,0.912,18.89,33.17,-18.68,-64.0,-44.0,-89.0,triple,vwap_aligned + directional_recent_fvg + rel_vol_ge_1_25,3,-0.026,-0.013,15.0,88.4
1250,49.44,38.96,31.84,-0.011,-0.026,-0.045,0.978,0.957,0.934,11.94,22.63,-12.43,-69.0,-73.5,-100.0,triple,vwap_aligned + directional_recent_fvg + risk_le_20,3,-0.016,-0.008,10.0,82.64
567,47.27,37.92,31.04,-0.055,-0.052,-0.069,0.896,0.916,0.9,11.46,21.78,-12.17,-70.0,-59.0,-60.0,triple,vwap_aligned + risk_le_20 + rel_vol_ge_1_25,3,-0.098,-0.052,9.0,66.37
405,44.44,37.04,30.62,-0.111,-0.074,-0.081,0.8,0.882,0.883,11.99,20.54,-13.04,-46.0,-32.0,-45.0,triple,fib_50 + risk_le_20 + rel_vol_ge_1_25,3,-0.194,-0.108,33.0,64.34
2100,47.71,38.0,31.05,-0.046,-0.05,-0.069,0.913,0.919,0.901,12.09,21.94,-13.09,-122.0,-149.0,-206.0,triple,directional_recent_fvg + has_liq_sweep + risk_le_20,3,-0.081,-0.043,-43.0,-8.59
1722,46.69,37.28,29.27,-0.066,-0.068,-0.122,0.876,0.892,0.828,19.03,31.19,-19.58,-127.0,-136.0,-226.0,triple,directional_recent_fvg + has_liq_sweep + rel_vol_ge_1_25,3,-0.118,-0.063,-48.0,-22.81
972,44.24,36.11,29.12,-0.115,-0.097,-0.127,0.793,0.848,0.821,11.85,20.12,-13.55,-120.0,-103.0,-133.0,triple,has_liq_sweep + risk_le_20 + rel_vol_ge_1_25,3,-0.201,-0.112,-41.0,-27.96
1242,45.09,36.31,29.39,-0.098,-0.092,-0.118,0.821,0.855,0.832,11.65,20.19,-13.03,-133.0,-126.5,-163.0,triple,directional_recent_fvg + risk_le_20 + rel_vol_ge_1_25,3,-0.173,-0.095,-54.0,-42.11
