fvg_id,direction,h1_idx,fvg_time,fvg_low,fvg_high,fvg_size,fvg_mid,touched,touch_time,time_bucket,touch_depth_pct,max_favorable_points,max_adverse_points,hit_25,hit_50,hit_75,hit_100,minutes_to_25,minutes_to_50,minutes_to_75,minutes_to_100,bounce_gt_15m_before_25,bounce_gt_30m_before_25,bounce_gt_60m_before_25,bounce_gt_15m_before_50,bounce_gt_30m_before_50,bounce_gt_60m_before_50
0,bullish,2,2026-01-01T19:00:00.000000,25504.0,25510.25,6.25,25507.125,true,2026-01-02T09:22:00.000000,NY_MORNING_0830_1130,100.0,106.5,245.0,false,false,false,false,11,14,19,4242,false,false,false,false,false,false
1,bullish,3,2026-01-01T20:00:00.000000,25514.0,25555.0,41.0,25534.5,true,2026-01-02T09:18:00.000000,NY_MORNING_0830_1130,5.49,117.5,289.75,false,false,false,false,23,4245,4267,4272,false,false,false,false,false,false
2,bullish,4,2026-01-01T21:00:00.000000,25556.25,25596.0,39.75,25576.125,true,2026-01-01T21:06:00.000000,OTHER,0.0,102.0,0.0,true,true,true,true,37,214,306,314,true,true,false,true,true,true
3,bullish,5,2026-01-01T22:00:00.000000,25607.5,25617.25,9.75,25612.375,true,2026-01-01T22:36:00.000000,OTHER,0.0,101.25,4.75,true,true,true,true,80,216,218,256,true,true,true,true,true,true
4,bullish,10,2026-01-02T03:00:00.000000,25647.5,25705.25,57.75,25676.375,true,2026-01-02T06:02:00.000000,OTHER,7.79,100.0,440.0,true,false,false,false,149,165,168,6165,true,true,true,false,false,false
5,bearish,14,2026-01-02T07:00:00.000000,25709.0,25714.0,5.0,25711.5,true,2026-01-02T07:18:00.000000,OTHER,0.0,115.5,94.75,true,false,false,false,36,74,114,116,true,true,false,false,false,false
6,bearish,17,2026-01-02T10:00:00.000000,25427.25,25638.25,211.0,25532.75,true,2026-01-02T10:34:00.000000,NY_MORNING_0830_1130,0.0,106.25,0.0,true,true,true,true,0,6,14,17,false,false,false,false,false,false
7,bullish,24,2026-01-04T18:00:00.000000,25415.0,25434.75,19.75,25424.875,true,2026-01-04T18:38:00.000000,OTHER,0.0,102.75,0.0,true,true,true,true,7,24,454,460,false,false,false,true,false,false
8,bullish,35,2026-01-05T05:00:00.000000,25532.25,25544.0,11.75,25538.125,true,2026-01-05T05:09:00.000000,OTHER,0.0,103.0,23.75,true,false,false,false,28,172,189,200,true,false,false,false,false,false
9,bearish,42,2026-01-05T12:00:00.000000,25632.25,25651.25,19.0,25641.75,true,2026-01-05T12:03:00.000000,NY_PM_1200_1500,0.0,104.75,42.0,true,true,true,false,3,13,16,868,false,false,false,false,false,false
10,bullish,49,2026-01-05T20:00:00.000000,25582.25,25592.25,10.0,25587.25,true,2026-01-05T20:16:00.000000,OTHER,0.0,107.5,64.75,true,true,true,false,32,134,248,750,true,true,false,true,true,true
11,bullish,50,2026-01-05T21:00:00.000000,25602.75,25616.0,13.25,25609.375,true,2026-01-05T21:50:00.000000,OTHER,0.0,102.75,88.5,true,true,false,false,40,154,656,657,true,true,false,true,true,true
12,bullish,52,2026-01-05T23:00:00.000000,25629.25,25638.5,9.25,25633.875,true,2026-01-05T23:46:00.000000,OTHER,0.0,110.5,111.0,true,false,false,false,37,539,541,545,true,true,false,false,false,false
13,bearish,56,2026-01-06T03:00:00.000000,25608.0,25642.25,34.25,25625.125,true,2026-01-06T03:54:00.000000,OTHER,0.0,123.25,437.5,true,false,false,false,9,11826,11826,11874,false,false,false,false,false,false
14,bullish,62,2026-01-06T09:00:00.000000,25650.5,25673.0,22.5,25661.75,true,2026-01-06T09:56:00.000000,NY_MORNING_0830_1130,0.0,109.5,33.75,true,false,false,false,3,84,96,102,false,false,false,false,false,false
15,bullish,65,2026-01-06T12:00:00.000000,25707.75,25745.0,37.25,25726.375,true,2026-01-06T12:07:00.000000,NY_PM_1200_1500,0.0,119.25,18.0,true,true,true,true,8,39,88,1234,false,false,false,true,true,false
16,bullish,66,2026-01-06T13:00:00.000000,25785.5,25794.0,8.5,25789.75,true,2026-01-06T13:09:00.000000,NY_PM_1200_1500,0.0,106.0,67.0,true,true,false,false,26,232,1177,1226,true,false,false,true,true,true
17,bearish,75,2026-01-06T23:00:00.000000,25794.25,25796.75,2.5,25795.5,true,2026-01-06T23:37:00.000000,OTHER,0.0,103.0,202.0,false,false,false,false,66,205,1464,1470,false,false,false,false,false,false
18,bearish,79,2026-01-07T03:00:00.000000,25758.75,25764.75,6.0,25761.75,true,2026-01-07T04:13:00.000000,OTHER,54.17,132.25,237.5,true,false,false,false,17,1190,1205,1709,true,false,false,false,false,false
19,bullish,85,2026-01-07T09:00:00.000000,25793.75,25810.75,17.0,25802.25,true,2026-01-07T09:39:00.000000,NY_MORNING_0830_1130,0.0,100.5,0.0,true,true,true,true,0,1,8,14,false,false,false,false,false,false
20,bullish,87,2026-01-07T11:00:00.000000,25911.25,25960.0,48.75,25935.625,true,2026-01-07T11:52:00.000000,OTHER,0.0,102.0,935.0,false,false,false,false,3033,7299,8379,28628,false,false,false,false,false,false
21,bearish,89,2026-01-07T13:00:00.000000,25956.25,25960.0,3.75,25958.125,true,2026-01-09T12:40:00.000000,NY_PM_1200_1500,26.67,100.25,29.25,false,false,false,false,139,3140,3141,3210,false,false,false,false,false,false
22,bearish,90,2026-01-07T14:00:00.000000,25913.5,25926.0,12.5,25919.75,true,2026-01-07T14:06:00.000000,NY_PM_1200_1500,0.0,100.5,0.0,true,true,true,true,7,9,28,260,false,false,false,false,false,false
23,bearish,91,2026-01-07T15:00:00.000000,25839.25,25890.0,50.75,25864.625,true,2026-01-07T15:56:00.000000,OTHER,0.0,102.0,10.5,true,true,true,true,150,291,438,483,true,true,true,true,true,true
24,bearish,96,2026-01-07T21:00:00.000000,25795.25,25817.0,21.75,25806.125,true,2026-01-07T21:10:00.000000,OTHER,0.0,104.0,0.0,true,true,true,true,36,151,171,177,true,true,false,true,true,true
25,bearish,99,2026-01-08T00:00:00.000000,25742.5,25772.75,30.25,25757.625,true,2026-01-08T01:23:00.000000,OTHER,100.0,116.0,75.5,true,false,false,false,0,431,437,439,false,false,false,false,false,false
26,bullish,101,2026-01-08T02:00:00.000000,25742.5,25747.5,5.0,25745.0,true,2026-01-08T02:04:00.000000,OTHER,0.0,113.25,178.5,true,true,false,false,8,31,1799,1884,false,false,false,true,true,false
27,bearish,108,2026-01-08T09:00:00.000000,25713.5,25758.0,44.5,25735.75,true,2026-01-08T09:28:00.000000,NY_MORNING_0830_1130,0.0,100.75,0.0,true,true,true,true,0,7,8,26,false,false,false,false,false,false
28,bullish,114,2026-01-08T15:00:00.000000,25657.75,25680.75,23.0,25669.25,true,2026-01-08T17:52:00.000000,OTHER,20.65,114.75,53.25,false,false,false,false,578,629,702,818,false,false,false,false,false,false
29,bullish,126,2026-01-09T04:00:00.000000,25701.75,25717.0,15.25,25709.375,true,2026-01-09T04:04:00.000000,OTHER,0.0,103.0,5.0,true,true,true,true,81,98,206,237,true,true,true,true,true,true
30,bullish,133,2026-01-09T11:00:00.000000,25879.0,25885.5,6.5,25882.25,true,2026-01-09T11:19:00.000000,NY_MORNING_0830_1130,0.0,100.0,3.5,true,true,true,true,5,39,98,186,false,false,false,true,true,false
31,bullish,135,2026-01-09T13:00:00.000000,25936.0,25948.0,12.0,25942.0,true,2026-01-09T13:08:00.000000,NY_PM_1200_1500,0.0,107.25,923.0,true,false,false,false,59,4338,5423,25667,true,true,false,false,false,false
32,bearish,137,2026-01-09T15:00:00.000000,25943.0,25948.0,5.0,25945.5,true,2026-01-09T15:07:00.000000,OTHER,0.0,105.0,17.0,true,false,false,false,2993,2994,3058,3085,true,true,true,false,false,false
33,bearish,139,2026-01-11T18:00:00.000000,25902.75,25923.25,20.5,25913.0,true,2026-01-11T18:03:00.000000,OTHER,0.0,129.75,0.0,true,true,true,true,2,27,31,35,false,false,false,true,false,false
34,bearish,140,2026-01-11T19:00:00.000000,25797.0,25870.0,73.0,25833.5,true,2026-01-11T19:01:00.000000,OTHER,0.0,102.0,0.0,true,true,true,true,0,29,166,264,false,false,false,true,false,false
35,bearish,148,2026-01-12T03:00:00.000000,25706.5,25715.75,9.25,25711.125,true,2026-01-12T03:58:00.000000,OTHER,0.0,103.5,339.0,false,false,false,false,3153,3163,3166,3177,false,false,false,false,false,false
36,bullish,154,2026-01-12T09:00:00.000000,25763.0,25863.75,100.75,25813.375,true,2026-01-12T09:45:00.000000,NY_MORNING_0830_1130,0.0,101.5,0.0,true,true,true,true,2,11,29,70,false,false,false,false,false,false
37,bullish,156,2026-01-12T11:00:00.000000,25933.5,25938.25,4.75,25935.875,true,2026-01-12T11:40:00.000000,OTHER,0.0,101.0,92.5,true,true,true,false,5,25,116,1191,false,false,false,true,false,false
38,bearish,162,2026-01-12T18:00:00.000000,25898.25,25932.75,34.5,25915.5,true,2026-01-12T18:02:00.000000,OTHER,0.0,107.25,147.25,true,true,false,false,31,100,924,2059,true,true,false,true,true,true
39,bearish,163,2026-01-12T19:00:00.000000,25891.25,25893.5,2.25,25892.375,true,2026-01-12T19:52:00.000000,OTHER,0.0,100.25,154.25,false,false,false,false,105,809,815,1949,false,false,false,false,false,false
40,bullish,168,2026-01-13T00:00:00.000000,25891.75,25900.75,9.0,25896.25,true,2026-01-13T02:34:00.000000,OTHER,44.44,108.5,30.25,true,false,false,false,29,296,296,296,true,false,false,false,false,false
41,bullish,176,2026-01-13T08:00:00.000000,25918.75,25930.75,12.0,25924.75,true,2026-01-13T08:30:00.000000,NY_MORNING_0830_1130,0.0,102.75,0.0,true,true,true,true,0,4,9,10,false,false,false,false,false,false
42,bullish,183,2026-01-13T15:00:00.000000,25885.25,25896.0,10.75,25890.625,true,2026-01-13T15:56:00.000000,OTHER,0.0,103.75,871.0,false,false,false,false,136,2430,19021,19094,false,false,false,false,false,false
43,bearish,190,2026-01-13T23:00:00.000000,25883.25,25890.0,6.75,25886.625,true,2026-01-13T23:05:00.000000,OTHER,0.0,108.25,0.0,true,true,true,true,42,308,315,317,true,true,false,true,true,true
44,bearish,191,2026-01-14T00:00:00.000000,25863.75,25873.25,9.5,25868.5,true,2026-01-14T00:30:00.000000,OTHER,0.0,107.5,15.25,true,false,false,false,8,229,232,237,false,false,false,false,false,false
45,bearish,196,2026-01-14T05:00:00.000000,25769.25,25835.75,66.5,25802.5,true,2026-01-14T05:30:00.000000,OTHER,0.0,101.0,36.25,true,true,true,true,13,31,181,182,false,false,false,true,true,false
46,bearish,200,2026-01-14T09:00:00.000000,25693.5,25732.5,39.0,25713.0,true,2026-01-14T09:18:00.000000,NY_MORNING_0830_1130,0.0,109.75,0.0,true,true,true,true,0,2,11,12,false,false,false,false,false,false
47,bullish,206,2026-01-14T15:00:00.000000,25534.0,25553.25,19.25,25543.625,true,2026-01-14T15:54:00.000000,OTHER,0.0,101.75,0.0,true,true,true,true,0,0,0,498,false,false,false,false,false,false
48,bullish,214,2026-01-15T00:00:00.000000,25599.75,25611.25,11.5,25605.5,true,2026-01-15T00:01:00.000000,OTHER,0.0,102.5,0.0,true,true,true,true,9,14,14,19,false,false,false,false,false,false
49,bullish,215,2026-01-15T01:00:00.000000,25647.5,25677.75,30.25,25662.625,true,2026-01-15T01:48:00.000000,OTHER,0.0,102.5,4.0,true,true,true,true,18,23,75,83,true,false,false,true,false,false
50,bullish,217,2026-01-15T03:00:00.000000,25708.0,25733.25,25.25,25720.625,true,2026-01-15T14:00:00.000000,NY_PM_1200_1500,8.91,102.5,56.75,true,false,false,false,2,331,498,709,false,false,false,false,false,false
51,bullish,218,2026-01-15T04:00:00.000000,25747.25,25800.0,52.75,25773.625,true,2026-01-15T04:24:00.000000,OTHER,0.0,109.0,0.0,true,true,true,true,23,74,186,202,true,false,false,true,true,true
52,bearish,228,2026-01-15T14:00:00.000000,25771.75,25848.75,77.0,25810.25,true,2026-01-15T14:05:00.000000,NY_PM_1200_1500,0.0,104.5,119.25,true,true,true,false,5,14,16,1154,false,false,false,false,false,false
53,bearish,229,2026-01-15T15:00:00.000000,25727.25,25746.25,19.0,25736.75,true,2026-01-15T17:15:00.000000,OTHER,10.53,100.75,163.75,false,false,false,false,963,964,979,984,false,false,false,false,false,false
54,bullish,231,2026-01-15T18:00:00.000000,25727.25,25731.0,3.75,25729.125,true,2026-01-15T18:07:00.000000,OTHER,0.0,100.75,0.0,true,true,true,true,34,84,250,460,true,true,false,true,true,true
55,bullish,233,2026-01-15T20:00:00.000000,25762.25,25762.5,0.25,25762.375,true,2026-01-16T08:56:00.000000,NY_MORNING_0830_1130,100.0,111.25,737.5,false,false,false,false,10131,10133,10145,14423,false,false,false,false,false,false
56,bullish,234,2026-01-15T21:00:00.000000,25783.25,25784.0,0.75,25783.625,true,2026-01-15T21:59:00.000000,OTHER,0.0,101.0,0.0,true,true,true,true,19,230,406,631,true,false,false,true,true,true
57,bullish,236,2026-01-15T23:00:00.000000,25800.0,25803.0,3.0,25801.5,true,2026-01-15T23:14:00.000000,OTHER,0.0,106.5,778.0,true,false,false,false,131,324,554,15074,true,true,true,false,false,false
58,bearish,246,2026-01-16T09:00:00.000000,25765.5,25802.0,36.5,25783.75,true,2026-01-16T09:07:00.000000,NY_MORNING_0830_1130,0.0,101.75,0.0,true,true,true,true,5,7,12,22,false,false,false,false,false,false
59,bearish,253,2026-01-18T17:00:00.000000,25472.0,25681.5,209.5,25576.75,true,2026-01-21T09:46:00.000000,NY_MORNING_0830_1130,1.19,113.0,22.25,true,true,true,true,19,46,50,51,true,false,false,true,true,false
60,bearish,254,2026-01-18T18:00:00.000000,25470.0,25671.0,201.0,25570.5,true,2026-01-21T09:46:00.000000,NY_MORNING_0830_1130,2.24,111.0,24.25,true,true,true,true,41,46,50,51,true,true,false,true,true,false
61,bearish,264,2026-01-19T04:00:00.000000,25312.5,25348.0,35.5,25330.25,true,2026-01-19T04:27:00.000000,OTHER,0.0,105.5,127.25,true,false,false,false,5,246,258,1326,false,false,false,false,false,false
62,bullish,271,2026-01-19T11:00:00.000000,25344.0,25372.0,28.0,25358.0,true,2026-01-19T11:02:00.000000,NY_MORNING_0830_1130,0.0,102.5,347.0,true,false,false,false,5,505,2794,2804,false,false,false,false,false,false
63,bearish,280,2026-01-20T01:00:00.000000,25320.5,25367.25,46.75,25343.875,true,2026-01-20T01:01:00.000000,OTHER,0.0,102.0,0.0,true,true,true,true,4,18,64,89,false,false,false,true,false,false
64,bearish,282,2026-01-20T03:00:00.000000,25220.25,25256.75,36.5,25238.5,true,2026-01-20T05:25:00.000000,OTHER,5.48,102.5,209.5,true,false,false,false,4,473,486,529,false,false,false,false,false,false
65,bearish,291,2026-01-20T12:00:00.000000,25311.25,25333.75,22.5,25322.5,true,2026-01-20T12:02:00.000000,NY_PM_1200_1500,0.0,101.25,0.0,true,true,true,true,2,18,31,35,false,false,false,true,false,false
66,bearish,292,2026-01-20T13:00:00.000000,25225.0,25257.5,32.5,25241.25,true,2026-01-20T21:19:00.000000,OTHER,7.69,103.25,21.5,true,true,true,true,26,384,389,402,true,false,false,true,true,true
67,bearish,293,2026-01-20T14:00:00.000000,25169.75,25170.5,0.75,25170.125,true,2026-01-20T14:18:00.000000,NY_PM_1200_1500,0.0,111.25,76.75,true,true,false,false,0,3,931,937,false,false,false,false,false,false
68,bullish,297,2026-01-20T19:00:00.000000,25175.25,25179.0,3.75,25177.125,true,2026-01-20T20:27:00.000000,OTHER,0.0,106.0,154.0,false,false,false,false,39,224,718,745,false,false,false,false,false,false
69,bearish,306,2026-01-21T04:00:00.000000,25188.25,25194.25,6.0,25191.25,true,2026-01-21T04:41:00.000000,OTHER,0.0,114.0,0.0,true,true,true,true,13,22,59,68,false,false,false,true,false,false
70,bearish,308,2026-01-21T06:00:00.000000,25089.75,25121.75,32.0,25105.75,true,2026-01-21T06:59:00.000000,OTHER,0.0,106.75,1259.25,true,false,false,false,32,20380,20381,20384,true,true,false,false,false,false
71,bullish,311,2026-01-21T09:00:00.000000,25125.5,25294.75,169.25,25210.125,true,2026-01-21T09:10:00.000000,NY_MORNING_0830_1130,0.0,106.75,0.0,true,true,true,true,0,5,6,21,false,false,false,false,false,false
72,bearish,313,2026-01-21T11:00:00.000000,25262.75,25294.75,32.0,25278.75,true,2026-01-21T11:01:00.000000,NY_MORNING_0830_1130,0.0,110.0,0.0,true,true,true,true,3,4,10,12,false,false,false,false,false,false
73,bullish,316,2026-01-21T14:00:00.000000,25294.75,25446.0,151.25,25370.375,true,2026-01-21T14:50:00.000000,NY_PM_1200_1500,0.0,108.0,0.0,true,true,true,true,0,10,24,130,false,false,false,false,false,false
74,bullish,319,2026-01-21T18:00:00.000000,25530.75,25538.5,7.75,25534.625,true,2026-01-21T18:04:00.000000,OTHER,0.0,105.0,54.75,true,true,false,false,4,83,481,494,false,false,false,true,true,true
75,bearish,325,2026-01-22T00:00:00.000000,25548.0,25566.0,18.0,25557.0,true,2026-01-22T00:03:00.000000,OTHER,0.0,182.75,297.75,true,true,false,false,6,9,5337,5337,false,false,false,false,false,false
76,bullish,327,2026-01-22T02:00:00.000000,25548.0,25583.0,35.0,25565.5,true,2026-01-22T08:48:00.000000,NY_MORNING_0830_1130,36.43,102.25,46.25,true,false,false,false,3,47,59,100,false,false,false,false,false,false
77,bullish,328,2026-01-22T03:00:00.000000,25593.5,25672.25,78.75,25632.875,true,2026-01-22T04:17:00.000000,OTHER,1.27,102.25,135.5,true,true,false,false,4,210,1745,1757,false,false,false,true,true,true
78,bearish,334,2026-01-22T09:00:00.000000,25658.75,25677.75,19.0,25668.25,true,2026-01-22T09:47:00.000000,NY_MORNING_0830_1130,0.0,102.75,72.75,true,true,false,false,3,8,433,1075,false,false,false,false,false,false
79,bearish,339,2026-01-22T14:00:00.000000,25665.75,25667.0,1.25,25666.375,true,2026-01-22T14:59:00.000000,NY_PM_1200_1500,0.0,100.75,65.75,false,false,false,false,2,59,121,761,false,false,false,false,false,false
80,bullish,343,2026-01-22T19:00:00.000000,25629.25,25649.25,20.0,25639.25,true,2026-01-23T02:20:00.000000,OTHER,28.75,106.75,109.0,false,false,false,false,400,402,421,422,false,false,false,false,false,false
81,bullish,344,2026-01-22T20:00:00.000000,25654.75,25665.0,10.25,25659.875,true,2026-01-22T20:52:00.000000,OTHER,0.0,109.5,124.75,true,true,false,false,17,188,750,762,true,false,false,true,true,true
82,bearish,350,2026-01-23T02:00:00.000000,25692.0,25703.25,11.25,25697.625,true,2026-01-23T09:02:00.000000,NY_MORNING_0830_1130,77.78,326.75,153.75,false,false,false,false,3358,3358,3358,3358,false,false,false,false,false,false
83,bearish,351,2026-01-23T03:00:00.000000,25629.5,25682.25,52.75,25655.875,true,2026-01-23T03:06:00.000000,OTHER,0.0,264.25,216.25,true,true,true,false,7,30,37,3714,false,false,false,true,false,false
84,bearish,352,2026-01-23T04:00:00.000000,25574.75,25581.0,6.25,25577.875,true,2026-01-23T04:06:00.000000,OTHER,0.0,209.5,271.0,false,false,false,false,3654,3654,3654,3654,false,false,false,false,false,false
85,bullish,354,2026-01-23T06:00:00.000000,25574.75,25584.0,9.25,25579.375,true,2026-01-23T06:34:00.000000,OTHER,0.0,105.75,27.25,true,true,false,false,9,29,145,146,false,false,false,true,false,false
86,bullish,357,2026-01-23T09:00:00.000000,25635.5,25661.5,26.0,25648.5,true,2026-01-25T19:04:00.000000,OTHER,100.0,101.25,79.5,false,false,false,false,297,421,440,807,false,false,false,false,false,false
87,bullish,358,2026-01-23T10:00:00.000000,25668.0,25761.0,93.0,25714.5,true,2026-01-23T10:33:00.000000,NY_MORNING_0830_1130,0.0,100.75,395.75,true,true,false,false,2,4,4220,4245,false,false,false,false,false,false
88,bearish,364,2026-01-25T17:00:00.000000,25585.5,25691.25,105.75,25638.375,true,2026-01-25T18:05:00.000000,OTHER,3.31,118.25,763.5,false,false,false,false,5266,10015,10015,10016,false,false,false,false,false,false
89,bearish,365,2026-01-25T18:00:00.000000,25618.25,25672.25,54.0,25645.25,true,2026-01-25T18:31:00.000000,OTHER,0.0,118.25,730.75,true,true,false,false,1,11,5243,9989,false,false,false,false,false,false
90,bullish,371,2026-01-26T00:00:00.000000,25659.0,25665.75,6.75,25662.375,true,2026-01-26T00:59:00.000000,OTHER,0.0,101.75,83.75,true,true,true,false,24,67,86,453,true,false,false,true,true,true
91,bearish,375,2026-01-26T04:00:00.000000,25674.5,25699.75,25.25,25687.125,true,2026-01-26T04:38:00.000000,OTHER,0.0,103.75,674.5,true,false,false,false,23,4624,4631,4632,true,false,false,false,false,false
92,bullish,380,2026-01-26T09:00:00.000000,25721.75,25803.0,81.25,25762.375,true,2026-01-26T09:12:00.000000,NY_MORNING_0830_1130,0.0,106.5,0.0,true,true,true,true,1,5,8,76,false,false,false,false,false,false
93,bearish,386,2026-01-26T15:00:00.000000,25871.0,25877.75,6.75,25874.375,true,2026-01-26T15:27:00.000000,OTHER,0.0,111.5,478.0,true,false,false,false,93,3933,3933,3936,true,true,true,false,false,false
94,bullish,388,2026-01-26T18:00:00.000000,25871.0,25875.0,4.0,25873.0,true,2026-01-26T18:06:00.000000,OTHER,0.0,100.0,0.0,true,true,true,true,31,105,126,171,true,true,false,true,true,true
95,bullish,390,2026-01-26T20:00:00.000000,25902.75,25921.25,18.5,25912.0,true,2026-01-27T08:37:00.000000,NY_MORNING_0830_1130,20.27,109.25,4.0,true,true,true,true,3,5,13,16,false,false,false,false,false,false
96,bullish,391,2026-01-26T21:00:00.000000,25927.0,25962.5,35.5,25944.75,true,2026-01-26T21:34:00.000000,OTHER,0.0,100.75,45.25,true,true,true,false,35,146,496,688,true,true,false,true,true,true
97,bullish,403,2026-01-27T09:00:00.000000,26018.0,26021.5,3.5,26019.75,true,2026-01-27T09:06:00.000000,NY_MORNING_0830_1130,0.0,126.5,0.0,true,true,true,true,2,4,39,474,false,false,false,false,false,false
98,bullish,404,2026-01-27T10:00:00.000000,26058.0,26073.25,15.25,26065.625,true,2026-01-27T10:02:00.000000,NY_MORNING_0830_1130,0.0,106.25,35.25,true,false,false,false,8,418,486,509,false,false,false,false,false,false
99,bullish,411,2026-01-27T18:00:00.000000,26118.0,26135.5,17.5,26126.75,true,2026-01-28T10:42:00.000000,NY_MORNING_0830_1130,60.0,104.5,142.25,false,false,false,false,37,138,209,281,false,false,false,false,false,false
100,bullish,412,2026-01-27T19:00:00.000000,26148.0,26201.75,53.75,26174.875,true,2026-01-27T19:56:00.000000,OTHER,0.0,100.0,9.25,true,true,true,true,153,244,244,248,true,true,true,true,true,true
101,bullish,416,2026-01-27T23:00:00.000000,26218.75,26220.25,1.5,26219.5,true,2026-01-28T08:36:00.000000,NY_MORNING_0830_1130,100.0,101.0,3258.75,false,false,false,false,2,5,8,111151,false,false,false,false,false,false
102,bullish,417,2026-01-28T00:00:00.000000,26227.5,26246.0,18.5,26236.75,true,2026-01-28T08:11:00.000000,OTHER,0.0,104.5,3284.5,true,false,false,false,21,33,111176,111203,true,false,false,false,false,false
103,bullish,418,2026-01-28T01:00:00.000000,26248.75,26289.0,40.25,26268.875,true,2026-01-28T01:36:00.000000,OTHER,0.0,101.75,3327.5,true,false,false,false,7,111594,111614,111783,false,false,false,false,false,false
104,bearish,427,2026-01-28T10:00:00.000000,26198.5,26213.75,15.25,26206.125,true,2026-01-28T10:11:00.000000,NY_MORNING_0830_1130,0.0,131.75,13.75,true,true,true,true,5,20,33,289,false,false,false,true,false,false
105,bullish,438,2026-01-28T22:00:00.000000,26177.25,26195.25,18.0,26186.25,true,2026-01-28T22:02:00.000000,OTHER,0.0,101.5,3233.75,true,true,true,false,16,96,214,110328,true,false,false,true,true,true
106,bullish,439,2026-01-28T23:00:00.000000,26199.75,26210.25,10.5,26205.0,true,2026-01-28T23:13:00.000000,OTHER,0.0,105.0,3248.75,true,true,false,false,18,57,110243,110264,true,false,false,true,true,false
107,bearish,445,2026-01-29T05:00:00.000000,26208.75,26210.0,1.25,26209.375,true,2026-01-29T05:58:00.000000,OTHER,0.0,104.75,13.0,false,false,false,false,40,56,149,155,false,false,false,false,false,false
108,bearish,449,2026-01-29T09:00:00.000000,25868.25,26150.5,282.25,26009.375,true,2026-01-29T11:37:00.000000,OTHER,2.92,103.25,10.5,true,true,true,true,3,6,10,15,false,false,false,false,false,false
109,bearish,450,2026-01-29T10:00:00.000000,25739.75,25858.0,118.25,25798.875,true,2026-01-29T10:48:00.000000,NY_MORNING_0830_1130,0.0,104.25,310.25,true,true,false,false,1,10,1018,1528,false,false,false,false,false,false
110,bullish,452,2026-01-29T12:00:00.000000,25739.75,25758.25,18.5,25749.0,true,2026-01-29T20:29:00.000000,OTHER,36.49,109.25,22.25,false,false,false,false,8,22,26,33,false,false,false,false,false,false
111,bullish,455,2026-01-29T15:00:00.000000,25898.5,25951.0,52.5,25924.75,true,2026-01-29T15:29:00.000000,OTHER,0.0,107.0,2989.5,true,true,true,false,0,0,1,108451,false,false,false,false,false,false
112,bearish,459,2026-01-29T20:00:00.000000,25866.25,25907.25,41.0,25886.75,true,2026-01-29T20:08:00.000000,OTHER,0.0,102.5,0.0,true,true,true,true,1,6,12,13,false,false,false,false,false,false
113,bearish,463,2026-01-30T00:00:00.000000,25838.5,25843.25,4.75,25840.875,true,2026-01-30T00:02:00.000000,OTHER,0.0,101.5,0.0,true,true,true,true,3,15,26,55,false,false,false,false,false,false
114,bearish,464,2026-01-30T01:00:00.000000,25804.0,25832.25,28.25,25818.125,true,2026-01-30T01:11:00.000000,OTHER,0.0,104.0,0.0,true,true,true,true,4,20,28,48,false,false,false,true,false,false
115,bullish,469,2026-01-30T06:00:00.000000,25790.0,25821.75,31.75,25805.875,true,2026-01-30T06:53:00.000000,OTHER,0.0,118.25,69.25,true,true,false,false,3,13,97,107,false,false,false,false,false,false
116,bearish,482,2026-02-01T20:00:00.000000,25449.75,25487.0,37.25,25468.375,true,2026-02-01T20:03:00.000000,OTHER,0.0,134.75,0.0,true,true,true,true,7,8,50,71,false,false,false,false,false,false
117,bearish,483,2026-02-01T21:00:00.000000,25386.75,25400.0,13.25,25393.375,true,2026-02-01T21:01:00.000000,OTHER,0.0,104.25,0.0,true,true,true,true,11,13,32,40,false,false,false,false,false,false
118,bullish,488,2026-02-02T02:00:00.000000,25274.0,25340.5,66.5,25307.25,true,2026-02-03T12:13:00.000000,NY_PM_1200_1500,12.78,102.25,121.5,true,false,false,false,0,141,145,162,false,false,false,false,false,false
119,bullish,489,2026-02-02T03:00:00.000000,25351.0,25355.75,4.75,25353.375,true,2026-02-02T03:08:00.000000,OTHER,0.0,102.75,0.0,true,true,true,true,2,11,13,14,false,false,false,false,false,false
120,bullish,495,2026-02-02T09:00:00.000000,25540.0,25733.0,193.0,25636.5,true,2026-02-03T08:43:00.000000,NY_MORNING_0830_1130,5.18,105.25,2771.5,true,true,true,false,0,0,4,100842,false,false,false,false,false,false
121,bullish,496,2026-02-02T10:00:00.000000,25799.5,25803.0,3.5,25801.25,true,2026-02-02T10:06:00.000000,NY_MORNING_0830_1130,0.0,102.25,0.0,true,true,true,true,1,4,12,53,false,false,false,false,false,false
122,bullish,503,2026-02-02T18:00:00.000000,25896.0,25913.5,17.5,25904.75,true,2026-02-02T18:12:00.000000,OTHER,0.0,103.25,13.0,true,true,true,true,1,9,65,455,false,false,false,false,false,false
123,bearish,518,2026-02-03T09:00:00.000000,25646.75,25961.5,314.75,25804.125,true,2026-04-14T02:30:00.000000,OTHER,2.22,26.75,3298.0,true,false,false,false,150,,,,true,true,true,false,false,false
124,bearish,519,2026-02-03T10:00:00.000000,25619.75,25623.25,3.5,25621.5,true,2026-04-14T01:05:00.000000,OTHER,64.29,15.5,3325.0,false,false,false,false,,,,,false,false,false,false,false,false
125,bearish,521,2026-02-03T12:00:00.000000,25423.5,25467.75,44.25,25445.625,true,2026-02-03T12:09:00.000000,NY_PM_1200_1500,0.0,104.0,0.0,true,true,true,true,0,2,4,16,false,false,false,false,false,false
126,bullish,524,2026-02-03T15:00:00.000000,25359.25,25380.5,21.25,25369.875,true,2026-02-03T15:19:00.000000,OTHER,0.0,104.0,18.5,true,true,true,true,3,116,282,566,false,false,false,true,true,true
127,bullish,533,2026-02-04T01:00:00.000000,25443.25,25469.25,26.0,25456.25,true,2026-02-04T02:03:00.000000,OTHER,17.31,101.75,2507.75,true,false,false,false,8,98630,98633,98672,false,false,false,false,false,false
128,bearish,535,2026-02-04T03:00:00.000000,25449.5,25469.25,19.75,25459.375,true,2026-02-04T03:02:00.000000,OTHER,0.0,100.75,41.0,true,true,true,false,10,15,18,287,false,false,false,false,false,false
129,bearish,539,2026-02-04T07:00:00.000000,25418.0,25436.75,18.75,25427.375,true,2026-02-04T07:34:00.000000,OTHER,0.0,114.0,0.0,true,true,true,true,0,13,17,56,false,false,false,false,false,false
130,bearish,540,2026-02-04T08:00:00.000000,25390.0,25396.75,6.75,25393.375,true,2026-02-04T08:43:00.000000,NY_MORNING_0830_1130,0.0,109.0,0.0,true,true,true,true,0,1,2,8,false,false,false,false,false,false
131,bearish,541,2026-02-04T09:00:00.000000,25305.0,25342.0,37.0,25323.5,true,2026-02-04T09:26:00.000000,NY_MORNING_0830_1130,0.0,110.75,0.0,true,true,true,true,0,0,2,5,false,false,false,false,false,false
132,bearish,542,2026-02-04T10:00:00.000000,25171.5,25186.0,14.5,25178.75,true,2026-02-04T15:34:00.000000,OTHER,13.79,116.5,9.75,true,true,true,true,2,16,86,86,false,false,false,true,false,false
133,bearish,543,2026-02-04T11:00:00.000000,25057.5,25108.0,50.5,25082.75,true,2026-02-04T11:03:00.000000,NY_MORNING_0830_1130,0.0,103.75,0.0,true,true,true,true,0,4,16,23,false,false,false,false,false,false
134,bullish,546,2026-02-04T14:00:00.000000,24959.75,24979.0,19.25,24969.375,true,2026-02-04T14:56:00.000000,NY_PM_1200_1500,0.0,126.75,103.0,true,true,true,false,3,4,6,35,false,false,false,false,false,false
135,bearish,552,2026-02-04T21:00:00.000000,25037.0,25099.25,62.25,25068.125,true,2026-02-04T21:23:00.000000,OTHER,0.0,107.25,0.0,true,true,true,true,1,8,16,31,false,false,false,false,false,false
136,bearish,562,2026-02-05T07:00:00.000000,24869.25,24991.0,121.75,24930.125,true,2026-02-05T07:38:00.000000,OTHER,0.0,105.0,0.0,true,true,true,true,0,1,11,12,false,false,false,false,false,false
137,bearish,571,2026-02-05T17:00:00.000000,24474.0,24567.75,93.75,24520.875,true,2026-02-05T17:06:00.000000,OTHER,0.0,101.0,0.0,true,true,true,true,2,5,14,15,false,false,false,false,false,false
138,bullish,574,2026-02-05T20:00:00.000000,24409.25,24510.75,101.5,24460.0,true,2026-02-05T20:46:00.000000,OTHER,0.0,101.0,85.5,true,true,true,true,3,22,187,216,false,false,false,true,false,false
139,bullish,578,2026-02-06T00:00:00.000000,24527.5,24540.25,12.75,24533.875,true,2026-02-06T00:51:00.000000,OTHER,0.0,105.0,49.5,false,false,false,false,37,82,138,141,false,false,false,false,false,false
140,bullish,582,2026-02-06T04:00:00.000000,24606.0,24712.0,106.0,24659.0,true,2026-02-06T04:31:00.000000,OTHER,0.0,108.0,0.0,true,true,true,true,4,10,24,29,false,false,false,false,false,false
141,bullish,583,2026-02-06T05:00:00.000000,24783.75,24789.0,5.25,24786.375,true,2026-02-06T06:15:00.000000,OTHER,100.0,127.25,88.25,false,false,false,false,1,66,138,143,false,false,false,false,false,false
142,bullish,589,2026-02-06T11:00:00.000000,24962.25,24986.5,24.25,24974.375,true,2026-02-09T04:36:00.000000,OTHER,14.43,100.5,18.0,true,true,true,true,13,15,52,93,false,false,false,false,false,false
143,bullish,590,2026-02-06T12:00:00.000000,25051.75,25074.0,22.25,25062.875,true,2026-02-06T12:28:00.000000,NY_PM_1200_1500,0.0,117.25,21.25,true,true,true,true,10,112,134,142,false,false,false,true,true,true
144,bullish,595,2026-02-08T18:00:00.000000,25164.0,25258.0,94.0,25211.0,true,2026-02-08T18:54:00.000000,OTHER,0.0,100.25,302.5,false,false,false,false,895,902,918,935,false,false,false,false,false,false
145,bearish,605,2026-02-09T04:00:00.000000,25093.75,25148.25,54.5,25121.0,true,2026-02-09T06:10:00.000000,OTHER,11.93,129.75,62.0,true,false,false,false,8,129,140,140,false,false,false,false,false,false
146,bearish,606,2026-02-09T05:00:00.000000,25071.75,25073.0,1.25,25072.375,true,2026-02-09T05:30:00.000000,OTHER,0.0,107.75,84.0,true,true,false,false,10,32,180,180,false,false,false,true,true,false
147,bullish,608,2026-02-09T07:00:00.000000,25071.75,25074.25,2.5,25073.0,true,2026-02-09T07:57:00.000000,OTHER,0.0,104.25,118.75,false,false,false,false,42,42,47,49,false,false,false,false,false,false
148,bullish,611,2026-02-09T10:00:00.000000,25188.5,25305.75,117.25,25247.125,true,2026-02-09T10:06:00.000000,NY_MORNING_0830_1130,0.0,101.5,0.0,true,true,true,true,6,22,39,58,false,false,false,true,false,false
149,bullish,612,2026-02-09T11:00:00.000000,25329.0,25349.5,20.5,25339.25,true,2026-02-09T11:59:00.000000,OTHER,0.0,102.5,203.25,true,false,false,false,4,76,94,2637,false,false,false,false,false,false
150,bearish,639,2026-02-10T15:00:00.000000,25258.0,25274.5,16.5,25266.25,true,2026-02-10T15:59:00.000000,OTHER,0.0,109.25,87.5,false,false,false,false,614,700,722,723,false,false,false,false,false,false
151,bullish,641,2026-02-10T18:00:00.000000,25258.0,25266.25,8.25,25262.125,true,2026-02-10T18:23:00.000000,OTHER,0.0,101.5,120.0,true,true,true,false,13,80,204,791,false,false,false,true,true,true
152,bullish,642,2026-02-10T19:00:00.000000,25287.75,25290.25,2.5,25289.0,true,2026-02-10T23:42:00.000000,OTHER,90.0,109.5,144.0,false,false,false,false,24,468,472,484,false,false,false,false,false,false
153,bullish,643,2026-02-10T20:00:00.000000,25297.0,25306.75,9.75,25301.875,true,2026-02-10T20:41:00.000000,OTHER,0.0,120.0,160.5,true,false,false,false,60,653,665,673,true,true,false,false,false,false
154,bearish,651,2026-02-11T04:00:00.000000,25207.5,25209.75,2.25,25208.625,true,2026-02-11T04:59:00.000000,OTHER,0.0,103.75,257.75,false,false,false,false,253,254,259,261,false,false,false,false,false,false
155,bullish,655,2026-02-11T08:00:00.000000,25276.0,25290.0,14.0,25283.0,true,2026-02-11T08:59:00.000000,NY_MORNING_0830_1130,0.0,100.75,231.75,true,true,false,false,1,2,1021,1359,false,false,false,false,false,false
156,bearish,657,2026-02-11T10:00:00.000000,25275.0,25290.0,15.0,25282.5,true,2026-02-11T10:24:00.000000,NY_MORNING_0830_1130,0.0,100.0,0.0,true,true,true,true,1,3,4,6,false,false,false,false,false,false
157,bullish,669,2026-02-11T23:00:00.000000,25320.75,25327.5,6.75,25324.125,true,2026-02-12T00:03:00.000000,OTHER,29.63,157.25,878.25,false,false,false,false,82,389,457,19648,false,false,false,false,false,false
158,bearish,679,2026-02-12T09:00:00.000000,25260.25,25320.25,60.0,25290.25,true,2026-02-12T09:22:00.000000,NY_MORNING_0830_1130,0.0,105.0,0.0,true,true,true,true,0,0,11,14,false,false,false,false,false,false
159,bearish,680,2026-02-12T10:00:00.000000,25031.75,25186.25,154.5,25109.0,true,2026-02-12T10:03:00.000000,NY_MORNING_0830_1130,0.0,101.25,0.0,true,true,true,true,0,2,4,9,false,false,false,false,false,false
160,bearish,681,2026-02-12T11:00:00.000000,24940.75,25006.5,65.75,24973.625,true,2026-02-12T11:38:00.000000,OTHER,0.0,103.5,0.0,true,true,true,true,0,2,15,18,false,false,false,false,false,false
161,bearish,685,2026-02-12T15:00:00.000000,24839.75,24846.5,6.75,24843.125,true,2026-02-12T15:51:00.000000,OTHER,0.0,101.0,25.0,true,false,false,false,71,102,108,174,true,true,true,false,false,false
162,bearish,693,2026-02-13T00:00:00.000000,24731.0,24744.5,13.5,24737.75,true,2026-02-13T00:10:00.000000,OTHER,0.0,102.75,77.0,true,true,true,false,12,16,26,320,false,false,false,true,false,false
163,bearish,707,2026-02-13T14:00:00.000000,24890.5,24900.75,10.25,24895.625,true,2026-02-13T14:07:00.000000,NY_PM_1200_1500,0.0,101.25,0.0,true,true,true,true,1,6,11,18,false,false,false,false,false,false
164,bearish,708,2026-02-13T15:00:00.000000,24828.0,24848.75,20.75,24838.375,true,2026-02-15T17:00:00.000000,OTHER,32.53,111.25,94.25,true,true,false,false,0,4,930,942,false,false,false,false,false,false
165,bullish,718,2026-02-16T02:00:00.000000,24827.25,24841.0,13.75,24834.125,true,2026-02-16T02:03:00.000000,OTHER,0.0,100.5,391.75,true,true,true,false,2,17,83,2976,false,false,false,true,false,false
166,bullish,719,2026-02-16T03:00:00.000000,24874.0,24888.0,14.0,24881.0,true,2026-02-16T03:01:00.000000,OTHER,0.0,131.5,438.75,true,false,false,false,24,2914,3240,3243,true,false,false,false,false,false
167,bearish,721,2026-02-16T05:00:00.000000,24879.25,24888.0,8.75,24883.625,true,2026-02-16T06:27:00.000000,OTHER,14.29,105.25,1.25,true,true,true,true,15,97,104,108,false,false,false,true,true,true
168,bearish,724,2026-02-16T08:00:00.000000,24844.25,24847.75,3.5,24846.0,true,2026-02-17T12:40:00.000000,NY_PM_1200_1500,100.0,101.75,45.5,true,false,false,false,0,99,104,114,false,false,false,false,false,false
169,bearish,725,2026-02-16T09:00:00.000000,24797.5,24844.25,46.75,24820.875,true,2026-02-16T09:06:00.000000,NY_MORNING_0830_1130,0.0,112.25,0.0,true,true,true,true,4,12,16,27,false,false,false,false,false,false
170,bullish,729,2026-02-16T18:00:00.000000,24770.75,24774.25,3.5,24772.5,true,2026-02-16T18:57:00.000000,OTHER,0.0,100.5,325.0,true,true,false,false,3,15,1063,1079,false,false,false,false,false,false
171,bearish,731,2026-02-16T20:00:00.000000,24686.0,24774.25,88.25,24730.125,true,2026-02-16T20:24:00.000000,OTHER,0.0,101.5,0.0,true,true,true,true,11,39,41,71,false,false,false,true,true,false
172,bullish,748,2026-02-17T13:00:00.000000,24764.5,24807.75,43.25,24786.125,true,2026-02-17T13:58:00.000000,NY_PM_1200_1500,0.0,105.25,107.0,true,false,false,false,2,726,738,739,false,false,false,false,false,false
173,bearish,752,2026-02-17T18:00:00.000000,24754.75,24755.25,0.5,24755.0,true,2026-02-17T18:15:00.000000,OTHER,0.0,119.25,740.0,true,false,false,false,9,3725,3735,17205,false,false,false,false,false,false
174,bullish,756,2026-02-17T22:00:00.000000,24770.75,24783.25,12.5,24777.0,true,2026-02-17T22:01:00.000000,OTHER,0.0,123.25,0.0,true,true,true,true,7,38,243,255,false,false,false,true,true,false
175,bullish,757,2026-02-17T23:00:00.000000,24798.75,24820.0,21.25,24809.375,true,2026-02-17T23:56:00.000000,OTHER,0.0,104.75,18.0,true,true,true,true,54,129,140,196,true,true,false,true,true,true
176,bullish,761,2026-02-18T03:00:00.000000,24842.0,24899.75,57.75,24870.875,true,2026-02-18T03:07:00.000000,OTHER,0.0,119.75,147.75,true,true,false,false,5,179,355,357,false,false,false,true,true,true
177,bullish,767,2026-02-18T09:00:00.000000,24921.75,24937.5,15.75,24929.625,true,2026-02-18T13:36:00.000000,NY_PM_1200_1500,77.78,100.25,81.5,false,false,false,false,70,77,654,708,false,false,false,false,false,false
178,bullish,768,2026-02-18T10:00:00.000000,24958.5,25057.5,99.0,25008.0,true,2026-02-18T10:58:00.000000,NY_MORNING_0830_1130,0.0,101.75,389.5,true,true,false,false,4,7,2824,9897,false,false,false,false,false,false
179,bearish,771,2026-02-18T13:00:00.000000,25036.75,25058.75,22.0,25047.75,true,2026-02-18T13:01:00.000000,NY_PM_1200_1500,0.0,111.5,0.0,true,true,true,true,1,26,30,35,false,false,false,true,false,false
180,bullish,782,2026-02-19T01:00:00.000000,25005.5,25008.0,2.5,25006.75,true,2026-02-19T01:05:00.000000,OTHER,0.0,100.5,329.5,true,false,false,false,16,1916,1917,1967,true,false,false,false,false,false
181,bearish,784,2026-02-19T03:00:00.000000,24973.0,25008.0,35.0,24990.5,true,2026-02-19T03:01:00.000000,OTHER,0.0,105.0,0.0,true,true,true,true,3,35,42,45,false,false,false,true,true,false
182,bearish,785,2026-02-19T04:00:00.000000,24902.75,24946.0,43.25,24924.375,true,2026-02-19T04:03:00.000000,OTHER,0.0,104.75,0.0,true,true,true,true,0,8,27,207,false,false,false,false,false,false
183,bullish,799,2026-02-19T19:00:00.000000,24889.25,24892.0,2.75,24890.625,true,2026-02-19T19:51:00.000000,OTHER,0.0,185.25,213.5,true,false,false,false,5,223,444,790,false,false,false,false,false,false
184,bullish,804,2026-02-20T00:00:00.000000,24913.75,24930.75,17.0,24922.25,true,2026-02-20T00:50:00.000000,OTHER,0.0,146.5,252.25,false,false,false,false,136,148,491,491,false,false,false,false,false,false
185,bearish,809,2026-02-20T05:00:00.000000,24902.5,24931.75,29.25,24917.125,true,2026-02-20T08:42:00.000000,NY_MORNING_0830_1130,100.0,129.75,237.0,true,false,false,false,0,11,3569,4390,false,false,false,false,false,false
186,bearish,810,2026-02-20T06:00:00.000000,24849.5,24900.75,51.25,24875.125,true,2026-02-20T06:15:00.000000,OTHER,0.0,113.75,14.5,true,true,true,true,4,7,77,85,false,false,false,false,false,false
187,bullish,814,2026-02-20T10:00:00.000000,24957.5,24967.25,9.75,24962.375,true,2026-02-20T10:30:00.000000,NY_MORNING_0830_1130,0.0,107.5,0.0,true,true,true,true,1,2,3,9,false,false,false,false,false,false
188,bearish,821,2026-02-22T18:00:00.000000,24971.0,25064.25,93.25,25017.625,true,2026-02-23T03:08:00.000000,OTHER,1.07,105.5,69.0,true,true,true,true,78,162,203,337,true,true,true,true,true,true
189,bearish,822,2026-02-22T19:00:00.000000,24882.75,24936.5,53.75,24909.625,true,2026-02-22T19:23:00.000000,OTHER,0.0,110.0,157.25,true,true,true,false,2,31,236,869,false,false,false,true,true,false
190,bullish,828,2026-02-23T01:00:00.000000,24844.25,24863.25,19.0,24853.75,true,2026-02-23T08:46:00.000000,NY_MORNING_0830_1130,28.95,102.0,5.5,true,true,true,true,0,0,4,5,false,false,false,false,false,false
191,bullish,829,2026-02-23T02:00:00.000000,24869.5,24877.5,8.0,24873.5,true,2026-02-23T02:08:00.000000,OTHER,0.0,105.5,0.0,true,true,true,true,3,45,55,62,false,false,false,true,true,false
192,bullish,830,2026-02-23T03:00:00.000000,24914.75,24930.75,16.0,24922.75,true,2026-02-23T05:47:00.000000,OTHER,25.0,105.75,47.0,false,false,false,false,147,162,163,163,false,false,false,false,false,false
193,bullish,831,2026-02-23T04:00:00.000000,24934.5,24945.0,10.5,24939.75,true,2026-02-23T04:26:00.000000,OTHER,0.0,102.25,277.0,true,false,false,false,0,244,244,1787,false,false,false,false,false,false
194,bearish,833,2026-02-23T06:00:00.000000,24943.5,24945.0,1.5,24944.25,true,2026-02-23T06:07:00.000000,OTHER,0.0,103.0,96.5,true,true,false,false,8,24,158,182,false,false,false,true,false,false
195,bearish,837,2026-02-23T10:00:00.000000,24789.25,24857.75,68.5,24823.5,true,2026-02-23T10:31:00.000000,NY_MORNING_0830_1130,0.0,107.0,0.0,true,true,true,true,0,17,64,66,false,false,false,true,false,false
196,bullish,842,2026-02-23T15:00:00.000000,24755.0,24758.0,3.0,24756.5,true,2026-02-24T08:31:00.000000,NY_MORNING_0830_1130,100.0,111.5,63.5,true,true,false,false,0,0,9,10,false,false,false,false,false,false
197,bullish,847,2026-02-23T21:00:00.000000,24835.5,24866.75,31.25,24851.125,true,2026-02-23T21:02:00.000000,OTHER,0.0,108.75,172.25,false,false,false,false,544,703,705,744,false,false,false,false,false,false
198,bearish,850,2026-02-24T00:00:00.000000,24853.25,24865.75,12.5,24859.5,true,2026-02-24T00:09:00.000000,OTHER,0.0,134.0,49.0,true,false,false,false,12,112,127,504,false,false,false,false,false,false
199,bullish,860,2026-02-24T10:00:00.000000,24964.25,24969.25,5.0,24966.75,true,2026-02-24T10:34:00.000000,NY_MORNING_0830_1130,0.0,100.5,0.0,true,true,true,true,1,16,33,36,false,false,false,true,false,false
200,bullish,868,2026-02-24T19:00:00.000000,25051.0,25061.5,10.5,25056.25,true,2026-02-24T21:23:00.000000,OTHER,64.29,104.25,67.5,false,false,false,false,303,503,537,633,false,false,false,false,false,false
201,bullish,869,2026-02-24T20:00:00.000000,25075.0,25082.25,7.25,25078.625,true,2026-02-24T20:17:00.000000,OTHER,0.0,137.75,88.25,true,false,false,false,14,602,698,733,false,false,false,false,false,false
202,bearish,871,2026-02-24T22:00:00.000000,25067.75,25082.25,14.5,25075.0,true,2026-02-25T02:04:00.000000,OTHER,24.14,102.75,427.0,false,false,false,false,1871,1872,1872,1874,false,false,false,false,false,false
203,bullish,876,2026-02-25T03:00:00.000000,25053.5,25055.25,1.75,25054.375,true,2026-02-25T03:05:00.000000,OTHER,0.0,104.0,0.0,true,true,true,true,4,154,177,290,false,false,false,true,true,true
204,bullish,879,2026-02-25T06:00:00.000000,25094.75,25105.0,10.25,25099.875,true,2026-02-25T06:13:00.000000,OTHER,0.0,115.0,0.0,true,true,true,true,6,102,137,137,false,false,false,true,true,true
205,bullish,882,2026-02-25T09:00:00.000000,25165.75,25264.5,98.75,25215.125,true,2026-02-25T09:55:00.000000,NY_MORNING_0830_1130,0.0,108.25,0.0,true,true,true,true,3,36,77,187,false,false,false,true,true,false
206,bullish,885,2026-02-25T12:00:00.000000,25333.25,25334.25,1.0,25333.75,true,2026-02-25T12:32:00.000000,NY_PM_1200_1500,0.0,150.5,0.0,true,true,true,true,30,135,174,179,true,false,false,true,true,true
207,bearish,890,2026-02-25T18:00:00.000000,25341.5,25370.0,28.5,25355.75,true,2026-02-25T18:30:00.000000,OTHER,0.0,117.0,73.75,true,true,true,false,9,39,60,846,false,false,false,true,true,false
208,bullish,897,2026-02-26T01:00:00.000000,25309.75,25326.25,16.5,25318.0,true,2026-02-26T08:30:00.000000,NY_MORNING_0830_1130,100.0,101.75,2364.75,false,false,false,false,61799,61799,66363,66380,false,false,false,false,false,false
209,bearish,905,2026-02-26T09:00:00.000000,25210.75,25361.25,150.5,25286.0,true,2026-03-04T12:43:00.000000,NY_PM_1200_1500,1.99,108.75,7.0,true,true,true,true,4,87,92,137,false,false,false,true,true,true
210,bearish,906,2026-02-26T10:00:00.000000,25085.5,25181.25,95.75,25133.375,true,2026-02-26T10:26:00.000000,NY_MORNING_0830_1130,0.0,101.0,0.0,true,true,true,true,1,10,12,19,false,false,false,false,false,false
211,bearish,924,2026-02-27T05:00:00.000000,25012.75,25024.5,11.75,25018.625,true,2026-02-27T05:01:00.000000,OTHER,0.0,101.5,0.0,true,true,true,true,11,36,41,106,false,false,false,true,true,false
212,bearish,935,2026-03-01T17:00:00.000000,24815.0,24893.5,78.5,24854.25,true,2026-03-01T17:12:00.000000,OTHER,0.0,100.5,0.0,true,true,true,true,1,3,19,25,false,false,false,false,false,false
213,bearish,936,2026-03-01T18:00:00.000000,24796.25,24939.25,143.0,24867.75,true,2026-03-01T18:59:00.000000,OTHER,0.0,105.25,105.0,true,true,true,true,200,204,265,297,true,true,true,true,true,true
214,bullish,938,2026-03-01T20:00:00.000000,24796.25,24796.5,0.25,24796.375,true,2026-03-01T20:52:00.000000,OTHER,0.0,101.0,319.5,true,false,false,false,4,702,705,717,false,false,false,false,false,false
215,bearish,941,2026-03-01T23:00:00.000000,24769.5,24785.25,15.75,24777.375,true,2026-03-01T23:02:00.000000,OTHER,0.0,105.5,0.0,true,true,true,true,3,22,54,76,false,false,false,true,false,false
216,bearish,942,2026-03-02T00:00:00.000000,24703.0,24740.75,37.75,24721.875,true,2026-03-02T00:06:00.000000,OTHER,0.0,110.0,0.0,true,true,true,true,12,14,34,39,false,false,false,false,false,false
217,bearish,943,2026-03-02T01:00:00.000000,24602.5,24672.0,69.5,24637.25,true,2026-03-02T03:07:00.000000,OTHER,5.76,102.25,498.5,false,false,false,false,1412,1412,1415,1467,false,false,false,false,false,false
218,bullish,946,2026-03-02T04:00:00.000000,24591.0,24625.5,34.5,24608.25,true,2026-03-02T04:01:00.000000,OTHER,0.0,100.5,0.0,true,true,true,true,1,4,104,105,false,false,false,false,false,false
219,bullish,951,2026-03-02T09:00:00.000000,24739.25,24802.0,62.75,24770.625,true,2026-03-02T22:29:00.000000,OTHER,1.99,128.25,450.0,true,false,false,false,2,1782,1848,1961,false,false,false,false,false,false
220,bullish,953,2026-03-02T11:00:00.000000,24958.5,25007.5,49.0,24983.0,true,2026-03-02T11:13:00.000000,NY_MORNING_0830_1130,0.0,109.5,655.5,true,true,true,false,1,2,124,2773,false,false,false,false,false,false
221,bearish,961,2026-03-02T20:00:00.000000,24879.25,24925.0,45.75,24902.125,true,2026-03-02T20:41:00.000000,OTHER,0.0,104.0,4.0,true,true,true,true,4,41,50,176,false,false,false,true,true,false
222,bearish,967,2026-03-03T02:00:00.000000,24694.5,24736.0,41.5,24715.25,true,2026-03-03T02:10:00.000000,OTHER,0.0,113.5,0.0,true,true,true,true,1,4,15,22,false,false,false,false,false,false
223,bearish,968,2026-03-03T03:00:00.000000,24581.75,24668.5,86.75,24625.125,true,2026-03-03T03:09:00.000000,OTHER,0.0,111.0,0.0,true,true,true,true,1,9,25,37,false,false,false,false,false,false
224,bearish,969,2026-03-03T04:00:00.000000,24484.0,24505.0,21.0,24494.5,true,2026-03-03T04:04:00.000000,OTHER,0.0,114.0,0.0,true,true,true,true,0,4,29,76,false,false,false,false,false,false
225,bullish,976,2026-03-03T11:00:00.000000,24562.5,24602.5,40.0,24582.5,true,2026-03-03T11:36:00.000000,OTHER,0.0,100.0,0.0,true,true,true,true,0,4,7,26,false,false,false,false,false,false
226,bullish,990,2026-03-04T02:00:00.000000,24590.0,24611.5,21.5,24600.75,true,2026-03-04T02:27:00.000000,OTHER,0.0,102.25,0.0,true,true,true,true,1,17,46,48,false,false,false,true,false,false
227,bullish,992,2026-03-04T04:00:00.000000,24688.25,24734.25,46.0,24711.25,true,2026-03-04T04:06:00.000000,OTHER,0.0,103.0,0.0,true,true,true,true,1,2,2,3,false,false,false,false,false,false
228,bullish,993,2026-03-04T05:00:00.000000,24771.25,24801.25,30.0,24786.25,true,2026-03-04T05:56:00.000000,OTHER,0.0,129.0,80.75,true,false,false,false,6,69,72,74,false,false,false,false,false,false
229,bullish,998,2026-03-04T10:00:00.000000,24970.25,25051.0,80.75,25010.625,true,2026-03-04T10:24:00.000000,NY_MORNING_0830_1130,0.0,102.5,0.0,true,true,true,true,1,2,9,17,false,false,false,false,false,false
230,bearish,1003,2026-03-04T15:00:00.000000,25163.25,25180.25,17.0,25171.75,true,2026-03-04T15:15:00.000000,OTHER,0.0,101.25,86.75,true,false,false,false,0,267,267,278,false,false,false,false,false,false
231,bearish,1007,2026-03-04T20:00:00.000000,25125.5,25160.25,34.75,25142.875,true,2026-03-04T20:50:00.000000,OTHER,0.0,100.0,0.0,true,true,true,true,3,13,38,40,false,false,false,false,false,false
232,bullish,1015,2026-03-05T04:00:00.000000,25078.25,25085.0,6.75,25081.625,true,2026-03-05T04:04:00.000000,OTHER,0.0,102.75,122.25,true,true,false,false,0,15,293,295,false,false,false,false,false,false
233,bearish,1018,2026-03-05T07:00:00.000000,25076.0,25085.25,9.25,25080.625,true,2026-03-05T08:33:00.000000,NY_MORNING_0830_1130,100.0,130.75,133.75,true,false,false,false,0,51,54,57,false,false,false,false,false,false
234,bearish,1023,2026-03-05T12:00:00.000000,24888.75,24942.0,53.25,24915.375,true,2026-03-05T12:15:00.000000,NY_PM_1200_1500,0.0,101.75,0.0,true,true,true,true,1,3,4,11,false,false,false,false,false,false
235,bullish,1026,2026-03-05T15:00:00.000000,24882.25,25000.25,118.0,24941.25,true,2026-03-05T15:47:00.000000,OTHER,0.0,102.0,0.0,true,true,true,true,76,102,135,266,true,true,true,true,true,true
236,bullish,1028,2026-03-05T18:00:00.000000,25051.0,25059.25,8.25,25055.125,true,2026-03-05T19:22:00.000000,OTHER,45.45,105.75,1059.25,false,false,false,false,13,53,200,6578,false,false,false,false,false,false
237,bearish,1037,2026-03-06T03:00:00.000000,25082.0,25091.75,9.75,25086.875,true,2026-03-10T02:00:00.000000,OTHER,76.92,108.25,68.5,false,false,false,false,128,157,194,223,false,false,false,false,false,false
238,bearish,1038,2026-03-06T04:00:00.000000,24981.0,25033.0,52.0,25007.0,true,2026-03-06T04:29:00.000000,OTHER,0.0,106.75,0.0,true,true,true,true,0,17,36,72,false,false,false,true,false,false
239,bearish,1040,2026-03-06T06:00:00.000000,24884.75,24918.25,33.5,24901.5,true,2026-03-06T06:15:00.000000,OTHER,0.0,149.75,24.0,true,true,true,true,1,16,33,75,false,false,false,true,false,false
240,bearish,1042,2026-03-06T08:00:00.000000,24742.5,24805.5,63.0,24774.0,true,2026-03-06T08:51:00.000000,NY_MORNING_0830_1130,0.0,109.5,0.0,true,true,true,true,0,0,5,8,false,false,false,false,false,false
241,bullish,1044,2026-03-06T10:00:00.000000,24742.5,24790.0,47.5,24766.25,true,2026-03-06T10:23:00.000000,NY_MORNING_0830_1130,0.0,101.5,0.0,true,true,true,true,1,2,16,22,false,false,false,false,false,false
242,bearish,1049,2026-03-06T15:00:00.000000,24682.25,24773.5,91.25,24727.875,true,2026-03-06T15:52:00.000000,OTHER,0.0,351.75,0.0,true,true,true,true,2888,2888,2888,2888,true,true,true,true,true,true
243,bearish,1050,2026-03-08T16:00:00.000000,24473.0,24601.0,128.0,24537.0,true,2026-03-09T03:33:00.000000,OTHER,13.09,103.0,22.75,true,true,true,true,5,17,20,35,false,false,false,true,false,false
244,bearish,1051,2026-03-08T17:00:00.000000,24326.25,24618.0,291.75,24472.125,true,2026-03-09T02:33:00.000000,OTHER,0.51,100.5,891.25,true,true,false,false,8,12,16180,16352,false,false,false,false,false,false
245,bearish,1053,2026-03-08T19:00:00.000000,24137.75,24168.25,30.5,24153.0,true,2026-03-08T19:02:00.000000,OTHER,0.0,107.75,0.0,true,true,true,true,1,8,8,45,false,false,false,false,false,false
246,bullish,1058,2026-03-09T00:00:00.000000,24134.25,24226.75,92.5,24180.5,true,2026-03-09T00:53:00.000000,OTHER,0.0,101.0,16.75,true,true,true,true,0,19,30,100,false,false,false,true,false,false
247,bullish,1062,2026-03-09T04:00:00.000000,24337.25,24340.0,2.75,24338.625,true,2026-03-09T04:51:00.000000,OTHER,0.0,100.25,0.0,true,true,true,true,0,10,44,83,false,false,false,false,false,false
248,bullish,1067,2026-03-09T09:00:00.000000,24525.25,24549.5,24.25,24537.375,true,2026-03-12T13:54:00.000000,NY_PM_1200_1500,16.49,100.25,58.25,true,false,false,false,0,167,272,312,false,false,false,false,false,false
249,bullish,1068,2026-03-09T10:00:00.000000,24585.5,24631.25,45.75,24608.375,true,2026-03-09T10:01:00.000000,NY_MORNING_0830_1130,0.0,102.0,0.0,true,true,true,true,2,23,25,40,false,false,false,true,false,false
250,bullish,1072,2026-03-09T14:00:00.000000,24708.25,24907.5,199.25,24807.875,true,2026-03-09T14:20:00.000000,NY_PM_1200_1500,0.0,111.25,77.5,true,true,true,true,1,9,330,645,false,false,false,false,false,false
251,bullish,1081,2026-03-10T00:00:00.000000,24919.75,24941.0,21.25,24930.375,true,2026-03-10T00:21:00.000000,OTHER,0.0,107.25,2.0,true,true,true,true,8,44,44,63,false,false,false,true,true,false
252,bullish,1083,2026-03-10T02:00:00.000000,24986.25,25063.5,77.25,25024.875,true,2026-03-10T02:02:00.000000,OTHER,0.0,101.5,171.5,true,true,true,false,2,5,6,418,false,false,false,false,false,false
253,bullish,1084,2026-03-10T03:00:00.000000,25076.5,25080.75,4.25,25078.625,true,2026-03-10T04:00:00.000000,OTHER,88.24,101.25,188.75,false,false,false,false,64,294,300,302,false,false,false,false,false,false
254,bearish,1087,2026-03-10T06:00:00.000000,24999.5,25020.25,20.75,25009.875,true,2026-03-10T06:55:00.000000,OTHER,0.0,104.5,82.25,true,false,false,false,2,63,66,74,false,false,false,false,false,false
255,bullish,1090,2026-03-10T09:00:00.000000,25081.75,25109.75,28.0,25095.75,true,2026-03-10T09:34:00.000000,NY_MORNING_0830_1130,0.0,107.75,29.5,true,true,false,false,3,8,102,114,false,false,false,false,false,false
256,bearish,1094,2026-03-10T13:00:00.000000,25072.5,25102.25,29.75,25087.375,true,2026-03-10T13:19:00.000000,NY_PM_1200_1500,0.0,106.25,0.0,true,true,true,true,1,2,7,11,false,false,false,false,false,false
257,bullish,1099,2026-03-10T19:00:00.000000,25025.5,25051.0,25.5,25038.25,true,2026-03-10T19:03:00.000000,OTHER,0.0,127.75,155.25,true,true,false,false,11,76,777,777,false,false,false,true,true,true
258,bearish,1104,2026-03-11T00:00:00.000000,25053.25,25086.5,33.25,25069.875,true,2026-03-11T00:39:00.000000,OTHER,0.0,108.25,0.0,true,true,true,true,9,49,58,62,false,false,false,true,true,false
259,bearish,1120,2026-03-11T17:00:00.000000,24853.75,24940.0,86.25,24896.875,true,2026-03-12T01:55:00.000000,OTHER,17.1,100.75,74.25,true,true,true,true,84,284,320,327,true,true,true,true,true,true
260,bearish,1121,2026-03-11T18:00:00.000000,24805.0,24816.5,11.5,24810.75,true,2026-03-11T18:40:00.000000,OTHER,0.0,100.75,37.25,true,false,false,false,25,102,115,120,true,false,false,false,false,false
261,bearish,1124,2026-03-11T21:00:00.000000,24758.5,24770.0,11.5,24764.25,true,2026-03-11T21:07:00.000000,OTHER,0.0,113.75,169.5,true,true,false,false,5,30,640,648,false,false,false,true,false,false
262,bullish,1128,2026-03-12T01:00:00.000000,24777.75,24807.75,30.0,24792.75,true,2026-03-12T06:31:00.000000,OTHER,6.67,113.75,529.75,true,false,false,false,28,5738,5742,5822,true,false,false,false,false,false
263,bullish,1129,2026-03-12T02:00:00.000000,24814.5,24836.75,22.25,24825.625,true,2026-03-12T02:41:00.000000,OTHER,0.0,110.75,558.75,true,true,false,false,2,9,70,6066,false,false,false,false,false,false
264,bearish,1133,2026-03-12T06:00:00.000000,24862.75,24875.25,12.5,24869.0,true,2026-03-16T06:11:00.000000,OTHER,2.0,186.25,40.25,false,false,false,false,37,37,37,37,false,false,false,false,false,false
265,bearish,1135,2026-03-12T08:00:00.000000,24747.5,24801.25,53.75,24774.375,true,2026-03-12T08:04:00.000000,OTHER,0.0,102.75,0.0,true,true,true,true,0,3,16,24,false,false,false,false,false,false
266,bearish,1141,2026-03-12T14:00:00.000000,24577.5,24595.25,17.75,24586.375,true,2026-03-12T14:53:00.000000,NY_PM_1200_1500,0.0,101.0,84.75,true,false,false,false,67,185,187,603,true,true,true,false,false,false
267,bullish,1145,2026-03-12T19:00:00.000000,24614.0,24618.25,4.25,24616.125,true,2026-03-12T19:55:00.000000,OTHER,0.0,113.25,221.25,true,false,false,false,8,605,650,650,false,false,false,false,false,false
268,bearish,1151,2026-03-13T01:00:00.000000,24488.0,24553.5,65.5,24520.75,true,2026-03-13T02:49:00.000000,OTHER,7.63,106.0,317.25,false,false,false,false,373,412,414,490,false,false,false,false,false,false
269,bullish,1153,2026-03-13T03:00:00.000000,24488.0,24508.5,20.5,24498.25,true,2026-03-13T03:39:00.000000,OTHER,0.0,105.0,0.0,true,true,true,true,5,23,33,41,false,false,false,true,false,false
270,bullish,1154,2026-03-13T04:00:00.000000,24524.25,24525.25,1.0,24524.75,true,2026-03-13T08:56:00.000000,NY_MORNING_0830_1130,100.0,133.5,247.25,false,false,false,false,16,3350,3350,3356,false,false,false,false,false,false
271,bullish,1155,2026-03-13T05:00:00.000000,24574.25,24602.0,27.75,24588.125,true,2026-03-13T05:10:00.000000,OTHER,0.0,129.5,0.0,true,true,true,true,7,16,80,95,false,false,false,true,false,false
272,bullish,1156,2026-03-13T06:00:00.000000,24623.0,24630.5,7.5,24626.75,true,2026-03-13T06:21:00.000000,OTHER,0.0,101.0,0.0,true,true,true,true,7,24,24,24,false,false,false,true,false,false
273,bearish,1159,2026-03-13T09:00:00.000000,24569.25,24611.0,41.75,24590.125,true,2026-03-13T09:14:00.000000,NY_MORNING_0830_1130,0.0,103.0,0.0,true,true,true,true,1,6,10,12,false,false,false,false,false,false
274,bullish,1166,2026-03-15T17:00:00.000000,24400.25,24408.5,8.25,24404.375,true,2026-03-15T17:39:00.000000,OTHER,0.0,248.75,0.0,true,true,true,true,2,3,3,3,false,false,false,false,false,false
275,bullish,1203,2026-03-17T07:00:00.000000,24860.25,24929.5,69.25,24894.875,true,2026-03-18T06:43:00.000000,OTHER,14.08,110.5,1968.0,true,true,false,false,47,57,29438,29440,true,true,false,true,true,false
276,bullish,1204,2026-03-17T08:00:00.000000,24940.25,24995.75,55.5,24968.0,true,2026-03-17T08:17:00.000000,OTHER,0.0,100.25,49.5,true,true,true,true,0,2,7,644,false,false,false,false,false,false
277,bullish,1214,2026-03-17T19:00:00.000000,25023.75,25079.5,55.75,25051.625,true,2026-03-18T06:04:00.000000,OTHER,11.66,101.5,2118.0,false,false,false,false,29584,29769,29772,29866,false,false,false,false,false,false
278,bullish,1215,2026-03-17T20:00:00.000000,25083.0,25094.25,11.25,25088.625,true,2026-03-18T06:03:00.000000,OTHER,100.0,101.0,2132.75,false,false,false,false,29762,29773,29848,29876,false,false,false,false,false,false
279,bullish,1216,2026-03-17T21:00:00.000000,25098.5,25107.0,8.5,25102.75,true,2026-03-17T21:07:00.000000,OTHER,0.0,102.0,0.0,true,true,true,true,39,131,184,198,true,true,false,true,true,true
280,bullish,1217,2026-03-17T22:00:00.000000,25130.0,25130.5,0.5,25130.25,true,2026-03-17T22:41:00.000000,OTHER,0.0,102.75,2169.0,true,true,true,false,37,88,104,30500,true,true,false,true,true,true
281,bullish,1219,2026-03-18T00:00:00.000000,25148.5,25166.0,17.5,25157.25,true,2026-03-18T00:04:00.000000,OTHER,0.0,102.75,2204.5,true,false,false,false,16,30415,30428,32506,true,false,false,false,false,false
282,bearish,1226,2026-03-18T07:00:00.000000,24998.25,25097.5,99.25,25047.875,true,2026-03-18T07:46:00.000000,OTHER,0.0,100.0,0.0,true,true,true,true,0,0,16,27,false,false,false,false,false,false
283,bearish,1233,2026-03-18T14:00:00.000000,24690.0,24741.25,51.25,24715.625,true,2026-03-18T14:01:00.000000,NY_PM_1200_1500,0.0,102.75,0.0,true,true,true,true,0,4,15,24,false,false,false,false,false,false
284,bearish,1234,2026-03-18T16:00:00.000000,24628.5,24641.75,13.25,24635.125,true,2026-03-18T17:41:00.000000,OTHER,100.0,103.5,96.75,false,false,false,false,4,363,494,535,false,false,false,false,false,false
285,bearish,1241,2026-03-18T23:00:00.000000,24648.0,24663.0,15.0,24655.5,true,2026-03-18T23:20:00.000000,OTHER,0.0,102.5,0.0,true,true,true,true,8,24,102,157,false,false,false,true,false,false
286,bearish,1248,2026-03-19T06:00:00.000000,24558.25,24572.0,13.75,24565.125,true,2026-03-19T06:07:00.000000,OTHER,0.0,100.0,0.0,true,true,true,true,0,0,19,21,false,false,false,false,false,false
287,bullish,1255,2026-03-19T13:00:00.000000,24488.25,24506.0,17.75,24497.125,true,2026-03-20T01:00:00.000000,OTHER,28.17,100.0,23.25,false,false,false,false,15,22,36,48,false,false,false,false,false,false
288,bullish,1256,2026-03-19T14:00:00.000000,24524.5,24563.5,39.0,24544.0,true,2026-03-19T14:03:00.000000,NY_PM_1200_1500,0.0,172.5,791.0,true,true,true,false,1,4,117,5226,false,false,false,false,false,false
289,bearish,1269,2026-03-20T04:00:00.000000,24440.25,24553.0,112.75,24496.625,true,2026-03-20T05:03:00.000000,OTHER,5.32,103.75,87.25,true,true,true,true,45,150,167,170,true,true,false,true,true,true
290,bearish,1273,2026-03-20T08:00:00.000000,24328.0,24424.75,96.75,24376.375,true,2026-03-20T08:07:00.000000,OTHER,0.0,102.25,28.75,true,true,true,true,0,1,6,178,false,false,false,false,false,false
291,bearish,1277,2026-03-20T12:00:00.000000,24222.25,24235.5,13.25,24228.875,true,2026-03-23T05:05:00.000000,OTHER,100.0,332.0,157.75,true,true,true,true,0,0,0,0,false,false,false,false,false,false
292,bearish,1278,2026-03-20T13:00:00.000000,24118.0,24164.0,46.0,24141.0,true,2026-03-20T13:02:00.000000,NY_PM_1200_1500,0.0,105.75,0.0,true,true,true,true,2,9,30,33,false,false,false,false,false,false
293,bearish,1281,2026-03-22T17:00:00.000000,24084.5,24096.0,11.5,24090.25,true,2026-03-22T17:12:00.000000,OTHER,0.0,100.25,0.0,true,true,true,true,7,16,33,41,false,false,false,true,false,false
294,bearish,1289,2026-03-23T01:00:00.000000,23913.25,23932.75,19.5,23923.0,true,2026-03-23T01:11:00.000000,OTHER,0.0,115.25,0.0,true,true,true,true,2,9,11,12,false,false,false,false,false,false
295,bullish,1294,2026-03-23T06:00:00.000000,23929.0,24345.0,416.0,24137.0,true,2026-03-23T06:01:00.000000,OTHER,0.0,100.25,0.0,true,true,true,true,0,1,2,3,false,false,false,false,false,false
296,bearish,1298,2026-03-23T10:00:00.000000,24465.5,24527.5,62.0,24496.5,true,2026-03-23T10:12:00.000000,NY_MORNING_0830_1130,0.0,120.25,0.0,true,true,true,true,0,5,8,13,false,false,false,false,false,false
297,bearish,1306,2026-03-23T19:00:00.000000,24326.5,24426.75,100.25,24376.625,true,2026-03-24T00:25:00.000000,OTHER,18.45,121.25,180.75,false,false,false,false,328,372,402,404,false,false,false,false,false,false
298,bullish,1312,2026-03-24T01:00:00.000000,24305.0,24371.25,66.25,24338.125,true,2026-03-24T02:51:00.000000,OTHER,4.15,107.0,237.25,true,false,false,false,1,65,691,691,false,false,false,false,false,false
299,bullish,1326,2026-03-24T16:00:00.000000,24319.75,24380.75,61.0,24350.25,true,2026-03-24T16:25:00.000000,OTHER,0.0,103.5,0.0,true,true,true,true,3,20,127,133,false,false,false,true,false,false
300,bearish,1331,2026-03-24T21:00:00.000000,24389.0,24392.5,3.5,24390.75,true,2026-03-24T21:52:00.000000,OTHER,0.0,102.5,150.75,false,false,false,false,132,158,684,685,false,false,false,false,false,false
301,bullish,1336,2026-03-25T02:00:00.000000,24390.0,24408.5,18.5,24399.25,true,2026-03-25T06:23:00.000000,OTHER,78.38,109.0,35.5,true,true,false,false,0,0,44,73,false,false,false,false,false,false
302,bearish,1350,2026-03-25T17:00:00.000000,24332.5,24349.25,16.75,24340.875,true,2026-03-25T17:56:00.000000,OTHER,0.0,100.5,88.75,false,false,false,false,155,157,161,383,false,false,false,false,false,false
303,bearish,1357,2026-03-26T00:00:00.000000,24295.75,24317.0,21.25,24306.375,true,2026-03-26T00:55:00.000000,OTHER,0.0,100.25,2.25,true,true,true,true,7,11,25,84,false,false,false,false,false,false
304,bearish,1360,2026-03-26T03:00:00.000000,24197.75,24199.0,1.25,24198.375,true,2026-03-26T04:28:00.000000,OTHER,100.0,103.25,4.5,false,false,false,false,11,12,75,92,false,false,false,false,false,false
305,bearish,1368,2026-03-26T11:00:00.000000,24018.0,24051.25,33.25,24034.625,true,2026-03-26T11:01:00.000000,NY_MORNING_0830_1130,0.0,101.75,0.0,true,true,true,true,3,13,23,44,false,false,false,false,false,false
306,bearish,1369,2026-03-26T12:00:00.000000,23900.75,23970.0,69.25,23935.375,true,2026-03-26T12:03:00.000000,NY_PM_1200_1500,0.0,101.5,0.0,true,true,true,true,1,25,67,104,false,false,false,true,false,false
307,bullish,1379,2026-03-26T23:00:00.000000,23898.0,23914.5,16.5,23906.25,true,2026-03-26T23:01:00.000000,OTHER,0.0,102.25,953.0,true,true,false,false,6,13,6873,6875,false,false,false,false,false,false
308,bearish,1381,2026-03-27T01:00:00.000000,23906.75,23914.5,7.75,23910.625,true,2026-03-31T13:23:00.000000,NY_PM_1200_1500,74.19,102.0,441.5,true,false,false,false,3,1875,1939,1993,false,false,false,false,false,false
309,bearish,1383,2026-03-27T03:00:00.000000,23812.5,23853.75,41.25,23833.125,true,2026-03-27T03:32:00.000000,OTHER,0.0,115.75,0.0,true,true,true,true,3,13,27,63,false,false,false,false,false,false
310,bearish,1384,2026-03-27T04:00:00.000000,23769.25,23770.5,1.25,23769.875,true,2026-03-27T04:08:00.000000,OTHER,0.0,100.25,0.0,true,true,true,true,2,25,30,42,false,false,false,true,false,false
311,bearish,1385,2026-03-27T05:00:00.000000,23690.0,23710.0,20.0,23700.0,true,2026-03-27T05:55:00.000000,OTHER,0.0,105.0,0.0,true,true,true,true,3,9,14,68,false,false,false,false,false,false
312,bearish,1388,2026-03-27T08:00:00.000000,23558.5,23596.75,38.25,23577.625,true,2026-03-27T08:18:00.000000,OTHER,0.0,110.5,0.0,true,true,true,true,0,4,9,20,false,false,false,false,false,false
313,bearish,1392,2026-03-27T12:00:00.000000,23396.25,23444.25,48.0,23420.25,true,2026-03-27T12:43:00.000000,NY_PM_1200_1500,0.0,108.0,0.0,true,true,true,true,0,5,21,62,false,false,false,false,false,false
314,bearish,1395,2026-03-29T16:00:00.000000,23242.25,23269.0,26.75,23255.625,true,2026-03-29T16:22:00.000000,OTHER,0.0,116.75,0.0,true,true,true,true,1,20,23,70,false,false,false,true,false,false
315,bearish,1396,2026-03-29T17:00:00.000000,23224.0,23232.5,8.5,23228.25,true,2026-03-29T17:03:00.000000,OTHER,0.0,106.0,0.0,true,true,true,true,3,5,29,47,false,false,false,false,false,false
316,bullish,1400,2026-03-29T21:00:00.000000,23210.0,23250.25,40.25,23230.125,true,2026-03-30T11:13:00.000000,NY_MORNING_0830_1130,14.29,111.5,288.75,false,false,false,false,454,493,493,499,false,false,false,false,false,false
317,bullish,1401,2026-03-29T22:00:00.000000,23275.0,23288.25,13.25,23281.625,true,2026-03-29T22:03:00.000000,OTHER,0.0,102.25,0.0,true,true,true,true,18,22,119,157,true,false,false,true,false,false
318,bullish,1402,2026-03-29T23:00:00.000000,23306.5,23319.0,12.5,23312.75,true,2026-03-30T07:56:00.000000,OTHER,54.0,117.25,56.75,false,false,false,false,13,16,64,69,false,false,false,false,false,false
319,bullish,1409,2026-03-30T06:00:00.000000,23417.0,23436.5,19.5,23426.75,true,2026-03-30T06:02:00.000000,OTHER,0.0,101.75,0.0,true,true,true,true,3,17,28,90,false,false,false,true,false,false
320,bearish,1411,2026-03-30T08:00:00.000000,23382.75,23436.5,53.75,23409.625,true,2026-03-30T08:14:00.000000,OTHER,0.0,102.5,0.0,true,true,true,true,1,2,21,27,false,false,false,false,false,false
321,bearish,1415,2026-03-30T12:00:00.000000,23212.75,23267.0,54.25,23239.875,true,2026-03-30T18:45:00.000000,OTHER,49.77,60.75,5732.0,true,true,false,false,0,0,,,false,false,false,false,false,false
322,bearish,1416,2026-03-30T13:00:00.000000,23165.25,23169.5,4.25,23167.375,true,2026-03-30T13:57:00.000000,NY_PM_1200_1500,0.0,106.75,0.0,true,true,true,true,1,7,183,187,false,false,false,false,false,false
323,bullish,1421,2026-03-30T19:00:00.000000,23100.0,23160.25,60.25,23130.125,true,2026-03-30T19:10:00.000000,OTHER,0.0,108.25,0.0,true,true,true,true,2,5,10,12,false,false,false,false,false,false
324,bullish,1422,2026-03-30T20:00:00.000000,23283.75,23322.75,39.0,23303.25,true,2026-03-30T20:03:00.000000,OTHER,0.0,105.25,87.75,true,true,true,false,12,47,48,606,false,false,false,true,true,false
325,bullish,1437,2026-03-31T11:00:00.000000,23558.75,23747.5,188.75,23653.125,true,2026-03-31T11:58:00.000000,OTHER,0.0,101.0,0.0,true,true,true,true,2,3,11,30,false,false,false,false,false,false
326,bullish,1443,2026-03-31T18:00:00.000000,23974.0,23992.25,18.25,23983.125,true,2026-03-31T18:32:00.000000,OTHER,0.0,103.5,36.0,true,true,false,false,8,28,293,343,false,false,false,true,false,false
327,bullish,1448,2026-03-31T23:00:00.000000,23993.5,24007.5,14.0,24000.5,true,2026-04-01T03:21:00.000000,OTHER,3.57,115.0,4.0,true,true,true,true,4,24,29,85,false,false,false,true,false,false
328,bullish,1449,2026-04-01T00:00:00.000000,24022.5,24039.0,16.5,24030.75,true,2026-04-01T02:11:00.000000,OTHER,33.33,101.0,35.5,true,true,false,false,4,14,155,160,false,false,false,false,false,false
329,bullish,1454,2026-04-01T05:00:00.000000,24090.75,24123.5,32.75,24107.125,true,2026-04-01T05:01:00.000000,OTHER,0.0,122.5,18.75,true,true,true,true,3,35,52,103,false,false,false,true,true,false
330,bullish,1458,2026-04-01T09:00:00.000000,24194.75,24229.75,35.0,24212.25,true,2026-04-01T09:30:00.000000,NY_MORNING_0830_1130,0.0,100.0,0.0,true,true,true,true,1,5,23,49,false,false,false,false,false,false
331,bullish,1459,2026-04-01T10:00:00.000000,24270.0,24288.25,18.25,24279.125,true,2026-04-01T10:32:00.000000,NY_MORNING_0830_1130,0.0,103.25,622.25,true,true,false,false,3,31,6720,6724,false,false,false,true,true,false
332,bearish,1461,2026-04-01T12:00:00.000000,24273.5,24288.25,14.75,24280.875,true,2026-04-05T20:11:00.000000,OTHER,8.47,153.0,53.25,false,false,false,false,42,48,58,68,false,false,false,false,false,false
333,bearish,1462,2026-04-01T13:00:00.000000,24255.75,24265.5,9.75,24260.625,true,2026-04-01T13:41:00.000000,NY_PM_1200_1500,0.0,101.25,0.0,true,true,true,true,3,10,18,290,false,false,false,false,false,false
334,bearish,1468,2026-04-01T20:00:00.000000,23967.0,24154.5,187.5,24060.75,true,2026-04-01T20:07:00.000000,OTHER,0.0,105.0,0.0,true,true,true,true,1,2,5,7,false,false,false,false,false,false
335,bearish,1469,2026-04-01T21:00:00.000000,23894.75,23912.5,17.75,23903.625,true,2026-04-01T21:25:00.000000,OTHER,0.0,101.5,0.0,true,true,true,true,7,13,27,120,false,false,false,false,false,false
336,bearish,1470,2026-04-01T22:00:00.000000,23841.25,23856.0,14.75,23848.625,true,2026-04-01T22:18:00.000000,OTHER,0.0,103.0,40.75,true,true,true,false,9,78,89,417,false,false,false,true,true,true
337,bullish,1474,2026-04-02T02:00:00.000000,23819.0,23823.25,4.25,23821.125,true,2026-04-02T02:21:00.000000,OTHER,0.0,122.75,157.25,true,false,false,false,9,336,338,345,false,false,false,false,false,false
338,bearish,1478,2026-04-02T06:00:00.000000,23757.75,23775.0,17.25,23766.375,true,2026-04-02T06:50:00.000000,OTHER,0.0,79.75,5187.0,true,true,false,false,8,23,50,,false,false,false,true,false,false
339,bullish,1480,2026-04-02T08:00:00.000000,23757.75,23859.0,101.25,23808.375,true,2026-04-02T08:05:00.000000,OTHER,0.0,105.5,0.0,true,true,true,true,0,1,1,6,false,false,false,false,false,false
340,bullish,1481,2026-04-02T09:00:00.000000,23908.25,24089.0,180.75,23998.625,true,2026-04-02T09:51:00.000000,NY_MORNING_0830_1130,0.0,113.5,31.5,true,true,true,true,0,3,10,239,false,false,false,false,false,false
341,bullish,1486,2026-04-02T14:00:00.000000,24165.0,24199.75,34.75,24182.375,true,2026-04-02T14:09:00.000000,NY_PM_1200_1500,0.0,105.25,218.25,true,true,false,false,20,232,4682,4691,true,false,false,true,true,true
342,bearish,1491,2026-04-02T20:00:00.000000,24205.5,24212.5,7.0,24209.0,true,2026-04-02T20:17:00.000000,OTHER,0.0,175.5,39.75,true,true,true,false,9,24,288,4063,false,false,false,true,false,false
343,bearish,1492,2026-04-02T21:00:00.000000,24192.5,24195.75,3.25,24194.125,true,2026-04-02T21:07:00.000000,OTHER,0.0,162.5,52.75,true,true,true,false,31,227,480,4013,true,true,false,true,true,true
344,bearish,1502,2026-04-05T16:00:00.000000,24097.0,24114.25,17.25,24105.625,true,2026-04-05T16:58:00.000000,OTHER,0.0,103.0,355.25,true,true,false,false,2,5,2348,2350,false,false,false,false,false,false
345,bearish,1503,2026-04-05T17:00:00.000000,24094.5,24112.75,18.25,24103.625,true,2026-04-05T17:07:00.000000,OTHER,0.0,100.5,357.75,true,false,false,false,1,2339,2339,2341,false,false,false,false,false,false
346,bullish,1505,2026-04-05T19:00:00.000000,24094.5,24183.75,89.25,24139.125,true,2026-04-05T19:55:00.000000,OTHER,0.0,115.0,0.0,true,true,true,true,5,14,15,24,false,false,false,false,false,false
347,bullish,1512,2026-04-06T02:00:00.000000,24290.75,24308.75,18.0,24299.75,true,2026-04-06T04:46:00.000000,OTHER,100.0,100.5,63.0,true,false,false,false,0,167,180,185,false,false,false,false,false,false
348,bullish,1513,2026-04-06T03:00:00.000000,24325.5,24332.0,6.5,24328.75,true,2026-04-06T03:54:00.000000,OTHER,0.0,120.25,86.25,true,false,false,false,0,232,237,246,false,false,false,false,false,false
349,bearish,1515,2026-04-06T05:00:00.000000,24316.5,24332.0,15.5,24324.25,true,2026-04-06T06:28:00.000000,OTHER,6.45,111.5,135.75,false,false,false,false,33,61,284,285,false,false,false,false,false,false
350,bearish,1526,2026-04-06T17:00:00.000000,24333.0,24334.0,1.0,24333.5,true,2026-04-06T17:15:00.000000,OTHER,0.0,105.5,25.5,true,true,false,false,43,51,115,143,true,true,false,true,true,false
351,bearish,1529,2026-04-06T20:00:00.000000,24220.25,24278.75,58.5,24249.5,true,2026-04-06T20:48:00.000000,OTHER,0.0,102.25,201.75,true,false,false,false,31,558,558,671,true,true,false,false,false,false
352,bullish,1535,2026-04-07T02:00:00.000000,24244.75,24246.75,2.0,24245.75,true,2026-04-07T04:48:00.000000,OTHER,100.0,100.75,305.25,false,false,false,false,127,162,537,547,false,false,false,false,false,false
353,bullish,1536,2026-04-07T03:00:00.000000,24257.5,24352.75,95.25,24305.125,true,2026-04-07T03:07:00.000000,OTHER,0.0,313.25,411.25,true,true,false,false,2,19,694,773,false,false,false,true,false,false
354,bearish,1538,2026-04-07T05:00:00.000000,24258.0,24352.75,94.75,24305.375,true,2026-04-07T05:26:00.000000,OTHER,0.0,125.0,0.0,true,true,true,true,2,7,10,40,false,false,false,false,false,false
355,bullish,1544,2026-04-07T11:00:00.000000,24133.0,24169.75,36.75,24151.375,true,2026-04-07T11:21:00.000000,NY_MORNING_0830_1130,0.0,102.0,0.0,true,true,true,true,5,13,14,14,false,false,false,false,false,false
356,bullish,1547,2026-04-07T14:00:00.000000,24238.25,24345.75,107.5,24292.0,false,,,,,,false,false,false,false,,,,,false,false,false,false,false,false
357,bullish,1549,2026-04-07T17:00:00.000000,24451.5,24913.5,462.0,24682.5,true,2026-04-12T16:00:00.000000,OTHER,1.95,105.75,9.0,true,true,true,true,0,0,0,12,false,false,false,false,false,false
358,bullish,1550,2026-04-07T18:00:00.000000,24924.5,25007.75,83.25,24966.125,true,2026-04-07T18:36:00.000000,OTHER,0.0,100.0,0.0,true,true,true,true,2,10,13,32,false,false,false,false,false,false
359,bullish,1555,2026-04-07T23:00:00.000000,25118.75,25119.0,0.25,25118.875,true,2026-04-07T23:02:00.000000,OTHER,0.0,106.0,0.0,true,true,true,true,20,29,57,237,true,false,false,true,false,false
360,bullish,1556,2026-04-08T00:00:00.000000,25156.25,25161.25,5.0,25158.75,true,2026-04-08T00:27:00.000000,OTHER,0.0,104.5,234.75,true,false,false,false,6,152,164,2016,false,false,false,false,false,false
361,bearish,1564,2026-04-08T08:00:00.000000,25105.0,25155.0,50.0,25130.0,true,2026-04-08T10:03:00.000000,NY_MORNING_0830_1130,22.0,104.0,52.5,true,false,false,false,11,136,157,166,false,false,false,false,false,false
362,bearish,1581,2026-04-09T02:00:00.000000,25006.75,25017.0,10.25,25011.875,true,2026-04-09T02:45:00.000000,OTHER,0.0,102.25,386.25,true,false,false,false,5,5115,5115,5115,false,false,false,false,false,false
363,bullish,1589,2026-04-09T10:00:00.000000,25056.0,25161.75,105.75,25108.875,true,2026-04-09T10:47:00.000000,NY_MORNING_0830_1130,0.0,107.0,16.75,true,true,true,true,3,5,24,183,false,false,false,false,false,false
364,bullish,1597,2026-04-09T19:00:00.000000,25238.0,25255.75,17.75,25246.875,true,2026-04-09T19:16:00.000000,OTHER,0.0,130.25,53.0,true,false,false,false,14,673,673,673,false,false,false,false,false,false
365,bearish,1603,2026-04-10T01:00:00.000000,25256.0,25257.5,1.5,25256.75,true,2026-04-10T01:37:00.000000,OTHER,0.0,351.5,137.0,true,true,false,false,8,40,3743,3743,false,false,false,true,true,false
366,bearish,1617,2026-04-12T16:00:00.000000,25019.25,25259.0,239.75,25139.125,true,2026-04-12T16:12:00.000000,OTHER,0.0,97.25,3925.5,true,true,true,false,2,7,17,,false,false,false,false,false,false
367,bearish,1618,2026-04-12T17:00:00.000000,24989.25,25276.75,287.5,25133.0,true,2026-04-12T17:58:00.000000,OTHER,0.0,39.25,3955.5,true,false,false,false,2,,,,false,false,false,false,false,false
368,bullish,1620,2026-04-12T19:00:00.000000,24989.25,25052.0,62.75,25020.625,true,2026-04-12T19:06:00.000000,OTHER,0.0,100.5,2.5,true,true,true,true,4,311,355,590,false,false,false,true,true,true
369,bullish,1621,2026-04-12T20:00:00.000000,25056.0,25056.5,0.5,25056.25,true,2026-04-12T20:26:00.000000,OTHER,0.0,107.75,7.0,true,false,false,false,32,231,429,513,true,true,false,false,false,false
370,bullish,1633,2026-04-13T08:00:00.000000,25179.5,25245.5,66.0,25212.5,true,2026-04-13T08:23:00.000000,OTHER,0.0,115.25,0.0,true,true,true,true,0,0,29,35,false,false,false,false,false,false
371,bullish,1636,2026-04-13T11:00:00.000000,25355.0,25396.75,41.75,25375.875,true,2026-04-13T11:09:00.000000,NY_MORNING_0830_1130,0.0,117.0,0.75,true,true,true,true,7,103,142,161,false,false,false,true,true,true
372,bullish,1639,2026-04-13T14:00:00.000000,25454.5,25533.5,79.0,25494.0,true,2026-04-13T14:03:00.000000,NY_PM_1200_1500,0.0,100.75,0.0,true,true,true,true,11,54,184,663,false,false,false,true,true,false
373,bullish,1640,2026-04-13T16:00:00.000000,25550.25,25564.25,14.0,25557.25,true,2026-04-13T18:05:00.000000,OTHER,25.0,100.75,4.25,true,true,true,true,26,420,445,527,true,false,false,true,true,true
374,bullish,1650,2026-04-14T02:00:00.000000,25593.25,25609.75,16.5,25601.5,true,2026-04-14T02:02:00.000000,OTHER,0.0,113.25,0.0,true,true,true,true,9,49,235,268,false,false,false,true,true,false
375,bullish,1654,2026-04-14T06:00:00.000000,25655.5,25656.5,1.0,25656.0,true,2026-04-14T06:25:00.000000,OTHER,0.0,104.5,4.75,true,true,false,false,1,5,70,80,false,false,false,false,false,false
376,bullish,1658,2026-04-14T10:00:00.000000,25820.25,25872.0,51.75,25846.125,false,,,,,,false,false,false,false,,,,,false,false,false,false,false,false
377,bullish,1659,2026-04-14T11:00:00.000000,25899.75,25911.75,12.0,25905.75,true,2026-04-14T11:07:00.000000,NY_MORNING_0830_1130,0.0,103.25,27.5,true,true,false,false,10,31,137,302,false,false,false,true,true,false
378,bullish,1662,2026-04-14T14:00:00.000000,25964.75,25972.0,7.25,25968.375,true,2026-04-14T14:03:00.000000,NY_PM_1200_1500,0.0,100.25,38.25,true,true,true,false,18,211,537,1076,true,false,false,true,true,true
379,bearish,1671,2026-04-15T00:00:00.000000,25998.0,26009.75,11.75,26003.875,true,2026-04-15T00:38:00.000000,OTHER,0.0,64.25,2946.75,true,false,false,false,67,228,,,true,true,true,false,false,false
380,bullish,1673,2026-04-15T02:00:00.000000,25998.0,26000.0,2.0,25999.0,true,2026-04-15T02:18:00.000000,OTHER,0.0,103.25,66.25,true,false,false,false,12,321,342,357,false,false,false,false,false,false
381,bearish,1675,2026-04-15T04:00:00.000000,25998.5,26000.0,1.5,25999.25,true,2026-04-15T04:07:00.000000,OTHER,0.0,64.75,2946.25,true,true,false,false,8,19,,,false,false,false,true,false,false
382,bullish,1679,2026-04-15T08:00:00.000000,26007.25,26048.5,41.25,26027.875,false,,,,,,false,false,false,false,,,,,false,false,false,false,false,false
383,bullish,1680,2026-04-15T09:00:00.000000,26072.25,26138.75,66.5,26105.5,true,2026-04-15T09:08:00.000000,NY_MORNING_0830_1130,0.0,100.5,0.0,true,true,true,true,3,7,37,71,false,false,false,false,false,false
384,bullish,1684,2026-04-15T13:00:00.000000,26220.0,26292.25,72.25,26256.125,true,2026-04-15T13:02:00.000000,NY_PM_1200_1500,0.0,101.0,0.0,true,true,true,true,3,32,48,225,false,false,false,true,true,false
385,bullish,1685,2026-04-15T14:00:00.000000,26315.25,26330.0,14.75,26322.625,true,2026-04-15T14:13:00.000000,NY_PM_1200_1500,0.0,100.0,0.0,true,true,true,true,10,138,213,274,false,false,false,true,true,true
386,bullish,1687,2026-04-15T17:00:00.000000,26371.25,26383.5,12.25,26377.375,true,2026-04-15T17:27:00.000000,OTHER,0.0,102.5,0.0,true,true,true,true,21,81,136,406,true,false,false,true,true,true
387,bullish,1689,2026-04-15T19:00:00.000000,26419.0,26426.0,7.0,26422.5,true,2026-04-15T19:05:00.000000,OTHER,0.0,107.5,150.5,true,false,false,false,37,301,861,871,true,true,false,false,false,false
388,bullish,1694,2026-04-16T00:00:00.000000,26444.5,26455.25,10.75,26449.875,true,2026-04-16T01:55:00.000000,OTHER,11.63,102.25,179.75,false,false,false,false,435,453,461,500,false,false,false,false,false,false
389,bearish,1699,2026-04-16T05:00:00.000000,26425.25,26433.75,8.5,26429.5,true,2026-04-16T05:50:00.000000,OTHER,0.0,111.0,28.0,true,false,false,false,17,101,111,122,true,false,false,false,false,false
390,bullish,1704,2026-04-16T10:00:00.000000,26422.75,26430.5,7.75,26426.625,true,2026-04-16T10:33:00.000000,NY_MORNING_0830_1130,0.0,101.25,75.5,true,true,true,false,0,0,6,1038,false,false,false,false,false,false
391,bearish,1714,2026-04-16T21:00:00.000000,26468.25,26480.5,12.25,26474.375,true,2026-04-16T22:06:00.000000,OTHER,18.37,28.25,2476.5,false,false,false,false,57,,,,false,false,false,false,false,false
392,bullish,1720,2026-04-17T03:00:00.000000,26492.25,26506.25,14.0,26499.25,true,2026-04-17T03:18:00.000000,OTHER,0.0,118.75,0.75,true,true,true,true,33,150,165,187,true,true,false,true,true,true
393,bullish,1723,2026-04-17T06:00:00.000000,26547.0,26561.5,14.5,26554.25,true,2026-04-19T16:00:00.000000,OTHER,100.0,107.0,26.5,true,false,false,false,0,2,3,50,false,false,false,false,false,false
394,bullish,1724,2026-04-17T07:00:00.000000,26568.25,26629.5,61.25,26598.875,true,2026-04-17T07:33:00.000000,OTHER,0.0,109.5,0.0,true,true,true,true,0,0,4,18,false,false,false,false,false,false
395,bearish,1732,2026-04-19T16:00:00.000000,26675.0,26757.75,82.75,26716.375,true,2026-04-19T16:55:00.000000,OTHER,0.0,106.25,152.75,true,true,false,false,18,72,969,972,true,false,false,true,true,true
396,bearish,1733,2026-04-19T17:00:00.000000,26682.0,26816.0,134.0,26749.0,true,2026-04-19T17:10:00.000000,OTHER,0.0,105.5,145.75,true,true,false,false,3,57,954,956,false,false,false,true,true,false
397,bullish,1736,2026-04-19T20:00:00.000000,26665.0,26684.75,19.75,26674.875,true,2026-04-19T20:48:00.000000,OTHER,0.0,118.25,72.75,false,false,false,false,255,595,601,620,false,false,false,false,false,false
398,bearish,1738,2026-04-19T22:00:00.000000,26682.25,26684.75,2.5,26683.5,true,2026-04-19T22:08:00.000000,OTHER,0.0,105.75,145.5,true,true,false,false,30,83,656,658,true,false,false,true,true,true
399,bearish,1749,2026-04-20T09:00:00.000000,26710.75,26715.75,5.0,26713.25,true,2026-04-20T09:29:00.000000,NY_MORNING_0830_1130,0.0,105.25,191.0,true,true,true,false,0,5,22,1550,false,false,false,false,false,false
400,bullish,1755,2026-04-20T16:00:00.000000,26752.0,26756.5,4.5,26754.25,true,2026-04-21T07:31:00.000000,OTHER,100.0,105.5,29.75,false,false,false,false,17,24,28,36,false,false,false,false,false,false
401,bullish,1762,2026-04-20T23:00:00.000000,26817.0,26819.0,2.0,26818.0,true,2026-04-20T23:50:00.000000,OTHER,0.0,106.75,267.25,true,false,false,false,18,301,346,1944,true,false,false,false,false,false
402,bearish,1770,2026-04-21T07:00:00.000000,26839.0,26840.0,1.0,26839.5,true,2026-04-21T07:59:00.000000,OTHER,0.0,109.0,46.25,false,false,false,false,46,48,59,60,false,false,false,false,false,false
403,bullish,1780,2026-04-21T18:00:00.000000,26760.5,26771.75,11.25,26766.125,true,2026-04-21T18:01:00.000000,OTHER,0.0,101.0,6.25,true,true,true,true,9,96,315,726,false,false,false,true,true,true
404,bullish,1781,2026-04-21T19:00:00.000000,26777.25,26792.75,15.5,26785.0,true,2026-04-21T19:21:00.000000,OTHER,0.0,102.25,27.25,true,false,false,false,15,235,645,652,false,false,false,false,false,false
405,bullish,1795,2026-04-22T09:00:00.000000,26892.75,26940.25,47.5,26916.5,true,2026-04-22T09:04:00.000000,NY_MORNING_0830_1130,0.0,109.0,0.0,true,true,true,true,3,17,126,138,false,false,false,true,false,false
406,bullish,1800,2026-04-22T14:00:00.000000,27041.0,27069.0,28.0,27055.0,true,2026-04-22T16:00:00.000000,OTHER,10.71,102.75,387.25,true,false,false,false,17,1030,1043,2185,true,false,false,false,false,false
407,bearish,1804,2026-04-22T19:00:00.000000,27062.5,27082.0,19.5,27072.25,true,2026-04-22T19:02:00.000000,OTHER,0.0,105.0,0.0,true,true,true,true,9,28,65,72,false,false,false,true,false,false
408,bearish,1806,2026-04-22T21:00:00.000000,26962.0,26993.0,31.0,26977.5,true,2026-04-22T21:02:00.000000,OTHER,0.0,102.0,193.75,true,true,true,false,3,13,29,860,false,false,false,false,false,false
409,bullish,1809,2026-04-23T00:00:00.000000,26957.25,26977.0,19.75,26967.125,true,2026-04-23T00:03:00.000000,OTHER,0.0,101.5,87.0,true,false,false,false,14,344,359,366,false,false,false,false,false,false
410,bearish,1812,2026-04-23T03:00:00.000000,26961.5,26970.25,8.75,26965.875,true,2026-04-23T03:31:00.000000,OTHER,0.0,101.5,194.25,true,false,false,false,29,465,465,471,true,false,false,false,false,false
411,bearish,1821,2026-04-23T12:00:00.000000,26982.25,27038.75,56.5,27010.5,true,2026-04-23T12:36:00.000000,NY_PM_1200_1500,0.0,104.5,0.0,true,true,true,true,3,7,14,22,false,false,false,false,false,false
412,bullish,1824,2026-04-23T16:00:00.000000,26944.5,26992.0,47.5,26968.25,false,,,,,,false,false,false,false,,,,,false,false,false,false,false,false
413,bullish,1825,2026-04-23T17:00:00.000000,26988.5,27033.5,45.0,27011.0,true,2026-04-23T17:16:00.000000,OTHER,0.0,102.25,0.0,true,true,true,true,15,44,57,74,false,false,false,true,true,false
414,bullish,1826,2026-04-23T18:00:00.000000,27053.0,27070.75,17.75,27061.875,true,2026-04-23T18:04:00.000000,OTHER,0.0,101.0,54.5,true,true,false,false,2,23,497,621,false,false,false,true,false,false
415,bullish,1827,2026-04-23T19:00:00.000000,27080.5,27099.5,19.0,27090.0,true,2026-04-23T19:37:00.000000,OTHER,0.0,129.0,83.25,true,false,false,false,11,404,529,567,false,false,false,false,false,false
416,bearish,1829,2026-04-23T21:00:00.000000,27078.25,27099.5,21.25,27088.875,true,2026-04-23T23:44:00.000000,OTHER,1.18,68.75,1866.5,false,false,false,false,6158,6306,,,false,false,false,false,false,false
417,bearish,1830,2026-04-23T22:00:00.000000,27057.25,27059.0,1.75,27058.125,true,2026-04-23T22:48:00.000000,OTHER,0.0,47.75,1887.5,true,false,false,false,24,,,,true,false,false,false,false,false
418,bullish,1832,2026-04-24T00:00:00.000000,27057.25,27066.75,9.5,27062.0,true,2026-04-24T00:50:00.000000,OTHER,0.0,102.0,2.25,true,true,true,true,12,85,90,214,false,false,false,true,true,true
419,bullish,1837,2026-04-24T05:00:00.000000,27120.75,27170.5,49.75,27145.625,true,2026-04-24T07:54:00.000000,OTHER,11.06,109.25,40.25,true,true,true,true,0,7,18,52,false,false,false,false,false,false
420,bullish,1838,2026-04-24T06:00:00.000000,27192.75,27203.0,10.25,27197.875,true,2026-04-24T06:54:00.000000,OTHER,0.0,102.0,72.75,true,true,false,false,2,12,112,129,false,false,false,false,false,false
421,bullish,1841,2026-04-24T09:00:00.000000,27266.75,27286.25,19.5,27276.5,true,2026-04-24T09:06:00.000000,NY_MORNING_0830_1130,0.0,105.75,0.0,true,true,true,true,7,24,38,38,false,false,false,true,false,false
422,bullish,1842,2026-04-24T10:00:00.000000,27297.25,27360.0,62.75,27328.625,true,2026-04-24T10:08:00.000000,NY_MORNING_0830_1130,0.0,102.5,0.0,true,true,true,true,3,22,106,106,false,false,false,true,false,false
423,bearish,1848,2026-04-26T17:00:00.000000,27398.0,27409.0,11.0,27403.5,true,2026-04-26T17:01:00.000000,OTHER,0.0,109.5,144.5,true,false,false,false,29,886,889,2072,true,false,false,false,false,false
424,bullish,1850,2026-04-26T19:00:00.000000,27398.0,27456.0,58.0,27427.0,true,2026-04-26T19:16:00.000000,OTHER,0.0,101.5,446.5,true,true,true,false,6,16,34,4238,false,false,false,true,false,false
425,bullish,1851,2026-04-26T20:00:00.000000,27474.5,27511.0,36.5,27492.75,true,2026-04-26T20:20:00.000000,OTHER,0.0,103.5,501.5,true,false,false,false,40,4180,4189,4217,true,true,false,false,false,false
426,bearish,1855,2026-04-27T00:00:00.000000,27456.0,27508.0,52.0,27482.0,true,2026-04-27T03:31:00.000000,OTHER,3.37,102.5,44.25,true,true,true,true,173,175,239,245,true,true,true,true,true,true
427,bullish,1860,2026-04-27T05:00:00.000000,27466.25,27475.0,8.75,27470.625,true,2026-04-27T06:01:00.000000,OTHER,34.29,104.25,465.5,false,false,false,false,617,3586,3593,3599,false,false,false,false,false,false
428,bearish,1862,2026-04-27T07:00:00.000000,27435.0,27475.0,40.0,27455.0,true,2026-04-27T07:30:00.000000,OTHER,0.0,110.0,0.0,true,true,true,true,0,0,6,17,false,false,false,false,false,false
429,bullish,1871,2026-04-27T17:00:00.000000,27446.0,27474.75,28.75,27460.375,true,2026-04-27T17:09:00.000000,OTHER,0.0,104.5,465.25,true,false,false,false,28,2916,2925,2931,true,false,false,false,false,false
430,bearish,1874,2026-04-27T20:00:00.000000,27437.25,27450.25,13.0,27443.75,true,2026-04-27T20:21:00.000000,OTHER,0.0,104.25,2.25,true,true,true,true,18,37,196,262,true,false,false,true,true,false
431,bearish,1878,2026-04-28T00:00:00.000000,27378.25,27404.75,26.5,27391.5,true,2026-04-28T00:10:00.000000,OTHER,0.0,103.25,0.0,true,true,true,true,26,37,117,213,true,false,false,true,true,false
432,bearish,1882,2026-04-28T04:00:00.000000,27300.75,27302.5,1.75,27301.625,true,2026-04-28T22:31:00.000000,OTHER,100.0,102.75,16.5,false,false,false,false,140,166,195,225,false,false,false,false,false,false
433,bearish,1884,2026-04-28T06:00:00.000000,27153.5,27238.75,85.25,27196.125,true,2026-04-28T06:58:00.000000,OTHER,0.0,111.25,98.5,true,true,true,false,10,32,33,101,false,false,false,true,true,false
434,bullish,1890,2026-04-28T12:00:00.000000,27095.75,27120.75,25.0,27108.25,true,2026-04-28T12:07:00.000000,NY_PM_1200_1500,0.0,102.25,0.0,true,true,true,true,8,14,54,60,false,false,false,false,false,false
435,bullish,1891,2026-04-28T13:00:00.000000,27144.25,27154.5,10.25,27149.375,true,2026-04-28T13:54:00.000000,NY_PM_1200_1500,0.0,100.0,7.25,true,true,true,true,4,24,129,246,false,false,false,true,false,false
436,bullish,1894,2026-04-28T17:00:00.000000,27207.25,27213.75,6.5,27210.5,true,2026-04-28T17:12:00.000000,OTHER,0.0,103.25,22.0,true,true,true,false,28,53,74,409,true,false,false,true,true,false
437,bullish,1895,2026-04-28T18:00:00.000000,27233.0,27246.25,13.25,27239.625,true,2026-04-28T19:02:00.000000,OTHER,28.3,116.5,122.0,false,false,false,false,68,179,1092,1138,false,false,false,false,false,false
438,bullish,1899,2026-04-28T22:00:00.000000,27281.5,27282.0,0.5,27281.75,true,2026-04-28T23:14:00.000000,OTHER,100.0,105.75,157.75,false,false,false,false,33,841,886,888,false,false,false,false,false,false
439,bullish,1914,2026-04-29T13:00:00.000000,27254.0,27262.25,8.25,27258.125,true,2026-04-29T13:51:00.000000,NY_PM_1200_1500,0.0,100.5,0.0,true,true,true,true,2,6,8,9,false,false,false,false,false,false
440,bullish,1917,2026-04-29T17:00:00.000000,27414.0,27452.0,38.0,27433.0,true,2026-04-29T17:20:00.000000,OTHER,0.0,105.5,0.0,true,true,true,true,10,18,27,34,false,false,false,true,false,false
441,bullish,1918,2026-04-29T18:00:00.000000,27500.0,27551.25,51.25,27525.625,true,2026-04-29T20:18:00.000000,OTHER,3.9,100.5,388.0,false,false,false,false,943,1018,1182,1392,false,false,false,false,false,false
442,bearish,1921,2026-04-29T21:00:00.000000,27453.5,27556.0,102.5,27504.75,true,2026-04-29T21:05:00.000000,OTHER,0.0,117.0,0.0,true,true,true,true,3,10,59,61,false,false,false,false,false,false
443,bearish,1923,2026-04-29T23:00:00.000000,27308.75,27402.5,93.75,27355.625,true,2026-04-29T23:15:00.000000,OTHER,0.0,101.75,0.0,true,true,true,true,5,11,43,48,false,false,false,false,false,false
444,bullish,1926,2026-04-30T02:00:00.000000,27307.5,27324.75,17.25,27316.125,true,2026-04-30T02:21:00.000000,OTHER,0.0,117.25,0.0,true,true,true,true,4,9,69,70,false,false,false,false,false,false
445,bullish,1930,2026-04-30T06:00:00.000000,27432.75,27438.0,5.25,27435.375,true,2026-04-30T06:05:00.000000,OTHER,0.0,103.0,0.0,true,true,true,true,2,9,12,24,false,false,false,false,false,false
446,bearish,1932,2026-04-30T08:00:00.000000,27376.0,27438.0,62.0,27407.0,true,2026-04-30T08:59:00.000000,NY_MORNING_0830_1130,0.0,44.75,1568.75,true,false,false,false,43,,,,true,true,false,false,false,false
447,bullish,1936,2026-04-30T12:00:00.000000,27435.0,27542.0,107.0,27488.5,true,2026-04-30T13:00:00.000000,NY_PM_1200_1500,0.0,101.0,0.0,true,true,true,true,2,10,44,180,false,false,false,false,false,false
448,bullish,1954,2026-05-01T07:00:00.000000,27575.0,27575.75,0.75,27575.375,false,,,,,,false,false,false,false,,,,,false,false,false,false,false,false
449,bullish,1955,2026-05-01T08:00:00.000000,27625.75,27751.0,125.25,27688.375,true,2026-05-01T08:37:00.000000,NY_MORNING_0830_1130,0.0,100.0,0.0,true,true,true,true,0,2,6,41,false,false,false,false,false,false
450,bullish,1965,2026-05-03T19:00:00.000000,27857.5,27858.5,1.0,27858.0,true,2026-05-03T19:11:00.000000,OTHER,0.0,107.25,0.0,true,true,true,true,3,26,102,248,false,false,false,true,false,false
451,bearish,1975,2026-05-04T05:00:00.000000,27847.75,27883.5,35.75,27865.625,true,2026-05-04T05:14:00.000000,OTHER,0.0,131.5,93.25,true,true,false,false,11,25,245,247,false,false,false,true,false,false
452,bearish,1980,2026-05-04T10:00:00.000000,27747.75,27844.0,96.25,27795.875,true,2026-05-04T10:26:00.000000,NY_MORNING_0830_1130,0.0,59.0,1197.0,true,true,false,false,1,12,,,false,false,false,false,false,false
453,bullish,1988,2026-05-04T19:00:00.000000,27764.75,27767.75,3.0,27766.25,true,2026-05-04T19:02:00.000000,OTHER,0.0,105.75,0.0,true,true,true,true,10,35,145,299,false,false,false,true,true,false
454,bullish,1989,2026-05-04T20:00:00.000000,27793.0,27801.0,8.0,27797.0,true,2026-05-04T20:49:00.000000,OTHER,0.0,100.25,0.0,true,true,true,true,0,74,242,255,false,false,false,true,true,true
455,bullish,1994,2026-05-05T01:00:00.000000,27855.0,27874.75,19.75,27864.875,true,2026-05-05T01:56:00.000000,OTHER,0.0,111.5,0.0,true,true,true,true,8,16,110,255,false,false,false,true,false,false
456,bullish,2000,2026-05-05T07:00:00.000000,27947.25,27971.0,23.75,27959.125,true,2026-05-05T07:31:00.000000,OTHER,0.0,107.25,0.0,true,true,true,true,0,2,5,10,false,false,false,false,false,false
457,bullish,2001,2026-05-05T08:00:00.000000,28006.0,28031.75,25.75,28018.875,true,2026-05-05T08:15:00.000000,OTHER,0.0,101.0,0.0,true,true,true,true,1,3,9,11,false,false,false,false,false,false
458,bullish,2005,2026-05-05T12:00:00.000000,28152.5,28154.25,1.75,28153.375,true,2026-05-05T12:53:00.000000,NY_PM_1200_1500,0.0,113.0,45.5,true,false,false,false,17,92,94,187,true,false,false,false,false,false
459,bullish,2008,2026-05-05T16:00:00.000000,28188.25,28243.0,54.75,28215.625,false,,,,,,false,false,false,false,,,,,false,false,false,false,false,false
460,bullish,2009,2026-05-05T17:00:00.000000,28247.0,28345.5,98.5,28296.25,true,2026-05-05T17:02:00.000000,OTHER,0.0,104.25,97.5,true,true,true,true,8,588,588,590,false,false,false,true,true,true
461,bearish,2011,2026-05-05T19:00:00.000000,28309.0,28345.5,36.5,28327.25,true,2026-05-05T19:21:00.000000,OTHER,0.0,47.5,635.75,true,false,false,false,6,,,,false,false,false,false,false,false
462,bullish,2014,2026-05-05T22:00:00.000000,28296.5,28310.25,13.75,28303.375,true,2026-05-05T22:01:00.000000,OTHER,0.0,121.75,10.25,true,true,true,true,46,119,289,289,true,true,false,true,true,true
463,bullish,2019,2026-05-06T03:00:00.000000,28352.75,28415.0,62.25,28383.875,true,2026-05-06T03:05:00.000000,OTHER,0.0,104.75,0.0,true,true,true,true,7,11,28,55,false,false,false,false,false,false
464,bearish,2023,2026-05-06T07:00:00.000000,28506.0,28512.0,6.0,28509.0,true,2026-05-06T07:55:00.000000,OTHER,0.0,118.0,0.0,true,true,true,true,1,6,9,11,false,false,false,false,false,false
465,bullish,2025,2026-05-06T09:00:00.000000,28506.0,28518.0,12.0,28512.0,true,2026-05-06T09:13:00.000000,NY_MORNING_0830_1130,0.0,100.75,5.75,true,true,true,true,2,5,58,176,false,false,false,false,false,false
466,bullish,2029,2026-05-06T13:00:00.000000,28610.25,28637.75,27.5,28624.0,true,2026-05-06T18:43:00.000000,OTHER,2.73,108.0,0.75,true,true,true,true,3,57,67,360,false,false,false,true,true,false
467,bullish,2030,2026-05-06T14:00:00.000000,28665.75,28694.5,28.75,28680.125,true,2026-05-06T14:55:00.000000,NY_PM_1200_1500,0.0,101.5,57.5,false,false,false,false,522,588,613,616,false,false,false,false,false,false
468,bullish,2040,2026-05-07T01:00:00.000000,28727.75,28728.5,0.75,28728.125,true,2026-05-07T01:02:00.000000,OTHER,0.0,103.0,38.25,true,true,true,false,5,9,13,424,false,false,false,false,false,false
469,bullish,2047,2026-05-07T08:00:00.000000,28760.75,28779.0,18.25,28769.875,true,2026-05-07T09:58:00.000000,NY_MORNING_0830_1130,13.7,15.75,238.0,false,false,false,false,,,,,false,false,false,false,false,false
470,bearish,2050,2026-05-07T11:00:00.000000,28713.5,28772.75,59.25,28743.125,true,2026-05-07T11:08:00.000000,NY_MORNING_0830_1130,0.0,102.0,0.0,true,true,true,true,1,3,10,12,false,false,false,false,false,false
