direction,trades,wr_1R,wr_1_5R,wr_2R,avg_r_1R,avg_r_1_5R,avg_r_2R,pf_1R,pf_1_5R,pf_2R,avg_risk,avg_mfe,avg_mae,median_mfe,median_mae,max_dd_r_1R,max_dd_r_1_5R,max_dd_r_2R,audit_group,fib,hour,risk_bucket,orb_range_bucket,body_pct_bucket,rel_vol_bucket,vwap_dist_bucket,liq_sweep_bucket,vwap_aligned,directional_displacement,directional_recent_fvg,directional_v_reversal
short,167,54.49,38.32,27.54,0.09,-0.042,-0.174,1.197,0.932,0.76,18.65,28.91,-17.28,16.43,-15.21,-5.0,-26.0,-48.0,direction_fib_vwap_dist,0.382,,,,,,above,,,,,
short,112,58.93,50.0,41.07,0.179,0.25,0.232,1.435,1.5,1.394,22.19,48.16,-23.07,33.6,-24.49,-6.0,-6.5,-9.0,direction_fib_risk,0.618,,20-25,,,,,,,,,
long,148,54.73,39.86,27.7,0.095,-0.003,-0.169,1.209,0.994,0.766,21.09,30.11,-19.05,20.37,-15.46,-6.0,-15.0,-26.0,direction_fib_rel_vol,0.382,,,,,extreme,,,,,,
short,144,59.72,51.39,42.36,0.194,0.285,0.271,1.483,1.586,1.47,27.15,54.21,-23.84,39.91,-22.42,-7.0,-7.0,-15.0,direction_fib_vwap_dist,0.382,,,,,,far_below,,,,,
long,111,57.66,45.05,35.14,0.153,0.126,0.054,1.362,1.23,1.083,27.51,50.86,-25.63,34.12,-29.12,-7.0,-10.0,-15.0,direction_fib_risk,0.5,,25-30,,,,,,,,,
short,141,56.03,49.65,39.72,0.121,0.241,0.191,1.274,1.479,1.318,25.02,51.94,-24.31,33.75,-23.62,-7.0,-7.0,-10.0,direction_fib_vwap_dist,0.5,,,,,,far_below,,,,,
short,141,55.32,43.97,36.88,0.106,0.099,0.106,1.238,1.177,1.169,17.51,43.08,-17.77,19.05,-19.22,-7.0,-11.0,-16.0,direction_fib_risk,0.618,,15-20,,,,,,,,,
short,126,54.76,45.24,33.33,0.095,0.131,0.0,1.211,1.239,1.0,22.57,45.56,-20.75,27.74,-22.62,-7.0,-13.5,-24.0,direction_fib_risk,0.382,,20-25,,,,,,,,,
short,114,52.63,38.6,30.7,0.053,-0.035,-0.079,1.111,0.943,0.886,11.9,19.01,-13.64,9.97,-9.6,-7.0,-10.5,-12.0,direction_fib_vwap_dist,0.618,,,,,,near,,,,,
short,117,58.97,47.86,41.03,0.179,0.197,0.231,1.438,1.377,1.391,21.77,50.4,-23.15,31.93,-22.57,-8.0,-6.5,-9.0,direction_fib_vwap_dist,0.618,,,,,,far_below,,,,,
long,116,56.03,47.41,38.79,0.121,0.185,0.164,1.275,1.352,1.268,22.6,41.06,-23.09,30.19,-24.0,-8.0,-7.5,-13.0,direction_fib_risk,0.5,,20-25,,,,,,,,,
long,111,54.95,41.44,28.83,0.099,0.036,-0.135,1.22,1.062,0.81,22.39,41.43,-23.26,25.68,-25.38,-8.0,-13.0,-26.0,direction_fib_risk,0.618,,20-25,,,,,,,,,
long,108,54.63,43.52,31.48,0.093,0.088,-0.056,1.204,1.156,0.919,27.43,41.81,-25.95,31.48,-27.78,-8.0,-17.0,-29.0,direction_fib_risk,0.382,,25-30,,,,,,,,,
short,141,53.9,39.72,32.62,0.078,-0.007,-0.021,1.169,0.988,0.968,14.39,32.83,-15.65,13.66,-13.3,-8.0,-12.5,-13.0,direction_fib_liq,0.618,,,,,,,0,,,,
long,133,51.13,46.62,41.35,0.023,0.165,0.241,1.046,1.31,1.41,17.55,39.82,-21.43,21.23,-20.3,-8.0,-7.5,-9.0,direction_fib_risk,0.618,,15-20,,,,,,,,,
long,195,56.92,49.74,40.51,0.138,0.244,0.215,1.321,1.485,1.362,19.44,38.39,-19.17,24.75,-17.12,-9.0,-13.5,-17.0,direction_fib_vwap_dist,0.5,,,,,,far_above,,,,,
long,216,56.02,42.59,33.33,0.12,0.065,0.0,1.274,1.113,1.0,22.62,36.57,-21.71,24.37,-19.67,-9.0,-14.5,-22.0,direction_fib_vwap_dist,0.382,,,,,,far_above,,,,,
short,118,51.69,40.68,31.36,0.034,0.017,-0.059,1.07,1.029,0.914,27.53,45.83,-26.55,29.12,-28.81,-9.0,-13.0,-19.0,direction_fib_risk,0.5,,25-30,,,,,,,,,
long,194,53.09,37.11,26.8,0.062,-0.072,-0.196,1.132,0.885,0.732,19.83,26.85,-17.01,16.99,-15.0,-10.0,-20.5,-42.0,direction_fib_vwap_dist,0.382,,,,,,above,,,,,
short,125,51.2,44.0,32.0,0.024,0.1,-0.04,1.049,1.179,0.941,34.7,62.51,-33.15,39.62,-36.0,-10.0,-14.0,-16.0,direction_fib_risk,0.5,,30-40,,,,,,,,,
short,141,51.06,39.01,29.79,0.021,-0.025,-0.106,1.043,0.959,0.848,15.64,25.01,-14.86,13.12,-12.12,-10.0,-14.5,-18.0,direction_fib_vwap_dist,0.5,,,,,,near,,,,,
short,181,50.83,34.25,24.86,0.017,-0.144,-0.254,1.034,0.782,0.662,34.44,50.34,-32.11,35.33,-34.62,-10.0,-28.5,-48.0,direction_fib_risk,0.382,,30-40,,,,,,,,,
short,185,50.27,40.54,29.73,0.005,0.014,-0.108,1.011,1.023,0.846,17.11,27.45,-16.86,13.0,-14.25,-10.0,-18.0,-33.0,direction_fib_vwap_dist,0.5,,,,,,above,,,,,
short,122,49.18,34.43,31.97,-0.016,-0.139,-0.041,0.968,0.788,0.94,16.12,36.29,-16.62,16.32,-13.99,-10.0,-26.5,-18.0,direction_fib_vwap_dist,0.618,,,,,,below,,,,,
long,121,47.93,35.54,25.62,-0.041,-0.112,-0.231,0.921,0.827,0.689,16.19,24.62,-15.64,10.88,-11.75,-10.0,-17.0,-36.0,direction_fib_vwap_dist,0.5,,,,,,near,,,,,
short,106,55.66,40.57,30.19,0.113,0.014,-0.094,1.255,1.024,0.865,27.33,45.17,-24.54,31.47,-27.57,-11.0,-17.5,-21.0,direction_fib_risk,0.382,,25-30,,,,,,,,,
long,272,55.15,40.81,33.46,0.103,0.02,0.004,1.23,1.034,1.006,17.42,36.28,-18.84,18.26,-16.62,-11.0,-20.0,-24.0,direction_fib_rel_vol,0.618,,,,,normal,,,,,,
short,295,53.9,41.02,36.27,0.078,0.025,0.088,1.169,1.043,1.138,17.68,39.13,-18.88,18.75,-17.56,-11.0,-23.0,-21.0,direction_fib_vwap,0.618,,,,,,,,true,,,
long,160,53.75,42.5,37.5,0.075,0.062,0.125,1.162,1.109,1.2,16.27,38.11,-17.98,19.41,-14.63,-11.0,-11.0,-14.0,direction_fib_vwap_dist,0.618,,,,,,far_above,,,,,
short,141,51.06,42.55,34.75,0.021,0.064,0.043,1.043,1.111,1.065,17.68,35.7,-17.49,20.62,-18.5,-11.0,-15.0,-18.0,direction_fib_risk,0.5,,15-20,,,,,,,,,
,714,60.36,47.76,38.66,0.207,0.194,0.16,1.523,1.371,1.26,19.27,40.4,-17.76,24.35,-15.88,-12.0,-17.5,-25.0,body_pct_bucket,,,,,<=25,,,,,,,
short,119,55.46,48.74,36.97,0.109,0.218,0.109,1.245,1.426,1.173,22.49,47.04,-21.12,30.62,-23.25,-12.0,-9.0,-25.0,direction_fib_risk,0.5,,20-25,,,,,,,,,
,706,54.96,44.76,34.14,0.099,0.119,0.024,1.22,1.215,1.037,22.47,42.28,-22.27,27.21,-24.0,-12.0,-14.0,-58.0,risk_bucket,,,20-25,,,,,,,,,
long,340,52.94,37.94,27.94,0.059,-0.051,-0.162,1.125,0.917,0.776,22.84,32.11,-21.34,21.53,-19.42,-12.0,-29.0,-63.0,direction_fib_liq,0.382,,,,,,,2+,,,,
long,473,53.91,38.27,29.18,0.078,-0.043,-0.125,1.17,0.93,0.824,20.69,30.42,-19.11,18.71,-16.55,-13.0,-33.5,-65.0,direction_fib_vwap,0.382,,,,,,,,true,,,
long,424,53.07,44.1,33.25,0.061,0.103,-0.002,1.131,1.184,0.996,18.32,31.81,-18.1,16.06,-15.5,-13.0,-17.5,-25.0,direction_fib_vwap,0.5,,,,,,,,true,,,
long,136,52.21,42.65,31.62,0.044,0.066,-0.051,1.092,1.115,0.925,15.02,26.78,-17.59,11.87,-13.8,-13.0,-15.0,-19.0,direction_fib_vwap_dist,0.618,,,,,,above,,,,,
long,249,51.41,42.17,33.73,0.028,0.054,0.012,1.058,1.094,1.018,19.81,32.41,-19.58,15.75,-17.38,-13.0,-10.0,-18.0,direction_fib_rel_vol,0.5,,,,,high,,,,,,
long,290,51.38,41.72,33.45,0.028,0.043,0.003,1.057,1.074,1.005,9.71,17.09,-10.36,9.56,-10.25,-13.0,-17.5,-20.0,direction_fib_risk,0.5,,<=15,,,,,,,,,
long,122,50.0,36.07,26.23,0.0,-0.098,-0.213,1.0,0.846,0.711,22.57,30.81,-22.54,22.07,-24.15,-13.0,-18.0,-27.0,direction_fib_risk,0.382,,20-25,,,,,,,,,
long,237,54.43,40.93,31.65,0.089,0.023,-0.051,1.194,1.039,0.926,10.24,17.02,-9.78,10.42,-9.98,-14.0,-14.0,-27.0,direction_fib_risk,0.382,,<=15,,,,,,,,,
short,371,53.64,43.67,38.27,0.073,0.092,0.148,1.157,1.163,1.24,16.36,37.72,-17.13,17.05,-15.0,-14.0,-26.0,-23.0,direction_fib_rel_vol,0.618,,,,,normal,,,,,,
long,347,52.45,43.23,33.14,0.049,0.081,-0.006,1.103,1.142,0.991,20.9,34.83,-21.02,19.5,-18.62,-14.0,-12.5,-27.0,direction_fib_liq,0.5,,,,,,,2+,,,,
long,364,51.1,37.36,28.85,0.022,-0.066,-0.135,1.045,0.895,0.811,22.14,32.21,-20.97,21.43,-19.43,-14.0,-41.0,-54.0,direction_fib_rel_vol,0.382,,,,,normal,,,,,,
long,139,50.36,38.85,30.94,0.007,-0.029,-0.072,1.014,0.953,0.896,16.97,28.32,-15.97,12.0,-13.62,-14.0,-22.5,-27.0,direction_fib_liq,0.5,,,,,,,0,,,,
short,147,48.98,43.54,34.69,-0.02,0.088,0.041,0.96,1.157,1.062,17.91,36.18,-17.21,14.88,-14.5,-14.0,-15.5,-11.0,direction_fib_liq,0.5,,,,,,,0,,,,
short,139,51.08,41.01,32.37,0.022,0.025,-0.029,1.044,1.043,0.957,19.85,34.15,-19.27,17.82,-17.11,-15.0,-12.5,-17.0,direction_fib_liq,0.382,,,,,,,0,,,,
long,191,48.69,33.51,26.18,-0.026,-0.162,-0.215,0.949,0.756,0.709,34.57,45.41,-30.93,32.88,-35.25,-15.0,-37.0,-43.0,direction_fib_risk,0.382,,30-40,,,,,,,,,
long,160,47.5,41.88,32.5,-0.05,0.047,-0.025,0.905,1.081,0.963,15.91,26.39,-18.4,12.87,-15.63,-15.0,-12.0,-14.0,direction_fib_vwap_dist,0.618,,,,,,below,,,,,
short,215,47.44,34.42,26.98,-0.051,-0.14,-0.191,0.903,0.787,0.739,21.81,35.33,-20.37,18.78,-19.21,-15.0,-31.5,-44.0,direction_fib_rel_vol,0.382,,,,,high,,,,,,
short,182,46.15,33.52,28.02,-0.077,-0.162,-0.159,0.857,0.756,0.779,21.78,36.05,-21.97,17.57,-20.34,-15.0,-31.0,-32.0,direction_fib_vwap_dist,0.382,,,,,,far_above,,,,,
short,127,44.88,40.16,28.35,-0.102,0.004,-0.15,0.814,1.007,0.791,17.32,29.33,-16.26,14.58,-17.94,-15.0,-9.5,-29.0,direction_fib_risk,0.382,,15-20,,,,,,,,,
long,327,52.91,40.98,31.19,0.058,0.024,-0.064,1.123,1.041,0.907,19.53,32.3,-19.47,17.88,-17.5,-16.0,-16.0,-28.0,direction_fib_rel_vol,0.5,,,,,normal,,,,,,
long,142,47.18,35.92,32.39,-0.056,-0.102,-0.028,0.893,0.841,0.958,24.54,38.02,-25.76,20.25,-26.0,-16.0,-21.5,-20.0,direction_fib_vwap_dist,0.5,,,,,,far_below,,,,,
long,120,45.0,34.17,25.0,-0.1,-0.146,-0.25,0.818,0.778,0.667,34.27,46.43,-32.07,24.81,-35.31,-16.0,-18.5,-34.0,direction_fib_risk,0.5,,30-40,,,,,,,,,
long,167,52.1,41.32,28.14,0.042,0.033,-0.156,1.088,1.056,0.783,17.69,27.13,-17.01,14.25,-13.5,-17.0,-14.5,-31.0,direction_fib_vwap_dist,0.5,,,,,,above,,,,,
,151,50.33,36.42,25.83,0.007,-0.089,-0.225,1.013,0.859,0.696,20.68,34.33,-19.86,14.27,-17.5,-17.0,-28.0,-37.0,hour,,11,,,,,,,,,,
short,241,50.21,40.25,34.02,0.004,0.006,0.021,1.008,1.01,1.031,17.15,39.7,-18.05,14.94,-15.56,-17.0,-16.5,-14.0,direction_fib_vwap_dist,0.618,,,,,,far_above,,,,,
short,210,46.67,38.1,30.48,-0.067,-0.048,-0.086,0.875,0.923,0.877,19.96,41.11,-19.66,16.94,-17.81,-17.0,-16.0,-27.0,direction_fib_vwap_dist,0.5,,,,,,far_above,,,,,
long,108,45.37,34.26,25.0,-0.093,-0.144,-0.25,0.831,0.782,0.667,12.53,17.72,-14.29,9.03,-11.24,-17.0,-21.5,-31.0,direction_fib_vwap_dist,0.618,,,,,,near,,,,,
long,359,52.37,39.83,33.43,0.047,-0.004,0.003,1.099,0.993,1.004,18.18,34.41,-20.69,15.73,-18.01,-18.0,-18.0,-17.0,direction_fib_liq,0.618,,,,,,,2+,,,,
long,279,49.46,38.35,30.47,-0.011,-0.041,-0.086,0.979,0.933,0.876,18.83,28.69,-19.73,15.38,-17.25,-18.0,-29.0,-42.0,direction_fib_liq,0.5,,,,,,,1,,,,
long,169,47.34,37.87,31.95,-0.053,-0.053,-0.041,0.899,0.914,0.939,20.7,39.64,-23.02,18.31,-22.81,-18.0,-25.0,-27.0,direction_fib_vwap_dist,0.618,,,,,,far_below,,,,,
long,128,45.31,34.38,25.0,-0.094,-0.141,-0.25,0.829,0.786,0.667,17.68,24.14,-20.66,14.12,-19.81,-18.0,-19.0,-33.0,direction_fib_risk,0.5,,15-20,,,,,,,,,
long,111,43.24,36.04,29.73,-0.135,-0.099,-0.108,0.762,0.845,0.846,27.44,37.68,-27.44,25.32,-26.71,-18.0,-15.5,-16.0,direction_fib_vwap_dist,0.382,,,,,,far_below,,,,,
,574,52.61,41.11,31.71,0.052,0.028,-0.049,1.11,1.047,0.929,27.4,47.29,-26.34,30.25,-28.79,-19.0,-29.0,-52.0,risk_bucket,,,25-30,,,,,,,,,
long,765,50.98,40.65,31.76,0.02,0.016,-0.047,1.04,1.028,0.931,19.43,31.41,-19.63,16.0,-17.25,-19.0,-30.0,-55.0,direction_fib,0.5,,,,,,,,,,,
short,292,48.29,39.04,30.14,-0.034,-0.024,-0.096,0.934,0.961,0.863,18.61,31.79,-19.04,16.12,-16.62,-19.0,-31.5,-46.0,direction_fib_liq,0.5,,,,,,,1,,,,
long,140,47.86,36.43,28.57,-0.043,-0.089,-0.143,0.918,0.86,0.8,19.12,25.93,-20.64,15.5,-18.31,-19.0,-25.0,-31.0,direction_fib_vwap_dist,0.5,,,,,,below,,,,,
long,151,47.68,33.11,25.83,-0.046,-0.172,-0.225,0.911,0.743,0.696,19.9,26.43,-18.43,14.39,-15.68,-19.0,-39.0,-41.0,direction_fib_liq,0.382,,,,,,,0,,,,
short,143,43.36,30.07,20.98,-0.133,-0.248,-0.371,0.765,0.645,0.531,17.4,24.44,-15.62,10.3,-13.83,-19.0,-35.5,-53.0,direction_fib_vwap_dist,0.382,,,,,,near,,,,,
,1044,55.46,42.43,33.62,0.109,0.061,0.009,1.245,1.106,1.013,19.15,37.21,-18.01,19.38,-15.61,-20.0,-35.0,-80.0,body_pct_bucket,,,,,25-50,,,,,,,
short,440,54.55,44.55,35.91,0.091,0.114,0.077,1.2,1.205,1.121,20.07,39.09,-19.42,21.12,-16.81,-20.0,-28.5,-39.0,direction_fib_rel_vol,0.5,,,,,normal,,,,,,
short,250,50.8,37.2,30.4,0.016,-0.07,-0.088,1.033,0.889,0.874,16.27,32.89,-17.13,13.22,-14.32,-20.0,-22.5,-29.0,direction_fib_rel_vol,0.618,,,,,high,,,,,,
long,120,49.17,43.33,31.67,-0.017,0.083,-0.05,0.967,1.147,0.927,13.68,26.47,-14.7,11.38,-11.51,-20.0,-18.5,-23.0,direction_fib_liq,0.618,,,,,,,0,,,,
short,465,49.03,38.92,30.54,-0.019,-0.027,-0.084,0.962,0.956,0.879,18.15,33.37,-17.8,14.88,-15.75,-20.0,-34.0,-64.0,direction_fib_vwap,0.5,,,,,,,,false,,,
long,123,47.97,33.33,25.2,-0.041,-0.167,-0.244,0.922,0.75,0.674,17.63,22.82,-16.12,13.06,-12.67,-20.0,-34.0,-39.0,direction_fib_vwap_dist,0.382,,,,,,near,,,,,
long,165,46.06,37.58,29.7,-0.079,-0.061,-0.109,0.854,0.903,0.845,18.82,27.24,-19.85,11.12,-16.12,-20.0,-19.0,-28.0,direction_fib_rel_vol,0.5,,,,,extreme,,,,,,
short,367,52.32,41.69,35.15,0.046,0.042,0.054,1.097,1.072,1.084,17.57,37.46,-17.83,15.89,-16.13,-21.0,-37.5,-35.0,direction_fib_liq,0.618,,,,,,,2+,,,,
short,418,48.8,35.41,27.03,-0.024,-0.115,-0.189,0.953,0.822,0.741,19.68,31.87,-18.87,16.29,-16.84,-21.0,-60.5,-82.0,direction_fib_vwap,0.382,,,,,,,,false,,,
long,117,41.88,32.48,22.22,-0.162,-0.188,-0.333,0.721,0.722,0.571,17.26,21.65,-17.63,12.4,-18.25,-21.0,-25.5,-42.0,direction_fib_risk,0.382,,15-20,,,,,,,,,
long,284,48.94,39.08,29.23,-0.021,-0.023,-0.123,0.959,0.962,0.826,21.11,30.31,-20.43,16.94,-18.37,-23.0,-24.0,-49.0,direction_fib_liq,0.382,,,,,,,1,,,,
long,183,45.9,36.61,27.87,-0.082,-0.085,-0.164,0.848,0.866,0.773,15.13,23.6,-18.76,9.41,-14.59,-23.0,-27.0,-44.0,direction_fib_rel_vol,0.618,,,,,extreme,,,,,,
long,131,45.8,34.35,22.14,-0.084,-0.141,-0.336,0.845,0.785,0.569,21.51,26.09,-21.55,16.36,-18.94,-23.0,-34.5,-53.0,direction_fib_vwap_dist,0.382,,,,,,below,,,,,
short,105,40.0,36.19,28.57,-0.2,-0.095,-0.143,0.667,0.851,0.8,15.81,29.48,-17.16,7.22,-11.64,-23.0,-13.5,-24.0,direction_fib_rel_vol,0.618,,,,,extreme,,,,,,
short,788,50.51,39.97,33.76,0.01,-0.001,0.013,1.021,0.999,1.019,16.17,34.25,-17.09,14.43,-14.32,-24.0,-44.5,-53.0,direction_fib,0.618,,,,,,,,,,,
long,341,48.39,36.36,29.91,-0.032,-0.091,-0.103,0.938,0.857,0.854,20.81,30.91,-21.53,15.88,-20.0,-24.0,-41.5,-52.0,direction_fib_vwap,0.5,,,,,,,,false,,,
short,280,46.43,37.86,32.5,-0.071,-0.054,-0.025,0.867,0.914,0.963,15.25,30.76,-16.84,12.98,-13.34,-24.0,-21.0,-24.0,direction_fib_liq,0.618,,,,,,,1,,,,
,920,57.93,46.09,36.2,0.159,0.152,0.086,1.377,1.282,1.135,18.71,40.1,-18.34,19.83,-15.94,-25.0,-38.5,-67.0,directional_v_reversal,,,,,,,,,,,,true
,824,52.06,43.08,36.17,0.041,0.077,0.085,1.086,1.135,1.133,24.29,45.28,-24.47,27.07,-23.88,-25.0,-33.5,-47.0,vwap_dist_bucket,,,,,,,far_below,,,,,
long,775,50.45,37.42,28.0,0.009,-0.065,-0.16,1.018,0.897,0.778,21.63,30.34,-20.44,18.83,-18.41,-25.0,-70.5,-128.0,direction_fib,0.382,,,,,,,,,,,
long,352,51.14,40.91,32.95,0.023,0.023,-0.011,1.047,1.038,0.983,15.36,30.03,-17.52,13.28,-14.3,-26.0,-25.0,-25.0,direction_fib_vwap,0.618,,,,,,,,true,,,
,1043,51.1,39.69,29.24,0.022,-0.008,-0.123,1.045,0.987,0.827,17.13,27.05,-16.64,13.46,-14.0,-27.0,-59.0,-169.0,vwap_dist_bucket,,,,,,,above,,,,,
,351,49.0,38.46,29.06,-0.02,-0.038,-0.128,0.961,0.938,0.819,17.73,28.17,-18.05,15.25,-15.6,-27.0,-28.5,-48.0,rel_vol_bucket,,,,,,low,,,,,,
short,398,47.49,35.93,30.9,-0.05,-0.102,-0.073,0.904,0.841,0.895,9.0,20.12,-10.2,7.09,-9.89,-29.0,-53.0,-44.0,direction_fib_risk,0.618,,<=15,,,,,,,,,
short,194,45.36,39.18,31.96,-0.093,-0.021,-0.041,0.83,0.966,0.939,14.13,25.41,-14.55,9.89,-12.19,-29.0,-25.0,-31.0,direction_fib_vwap_dist,0.618,,,,,,above,,,,,
long,206,44.17,35.44,27.18,-0.117,-0.114,-0.184,0.791,0.823,0.747,21.84,28.12,-21.08,14.7,-19.99,-29.0,-28.5,-46.0,direction_fib_rel_vol,0.382,,,,,high,,,,,,
short,353,49.01,42.21,34.28,-0.02,0.055,0.028,0.961,1.096,1.043,20.81,39.51,-20.29,20.88,-17.62,-30.0,-29.5,-30.0,direction_fib_vwap,0.5,,,,,,,,true,,,
short,367,48.5,36.78,27.52,-0.03,-0.08,-0.174,0.942,0.873,0.759,21.84,35.2,-20.19,18.78,-17.91,-30.0,-51.0,-82.0,direction_fib_liq,0.382,,,,,,,2+,,,,
long,254,45.28,38.98,30.71,-0.094,-0.026,-0.079,0.827,0.958,0.886,15.24,27.73,-17.55,11.84,-15.13,-30.0,-19.0,-32.0,direction_fib_liq,0.618,,,,,,,1,,,,
short,286,47.9,36.36,28.67,-0.042,-0.091,-0.14,0.919,0.857,0.804,20.8,33.6,-19.47,17.28,-18.17,-31.0,-44.5,-61.0,direction_fib_liq,0.382,,,,,,,1,,,,
long,381,47.77,39.37,31.5,-0.045,-0.016,-0.055,0.915,0.974,0.92,17.42,31.5,-19.63,13.69,-16.85,-31.0,-22.0,-41.0,direction_fib_vwap,0.618,,,,,,,,false,,,
,1204,51.58,41.11,33.89,0.032,0.028,0.017,1.065,1.047,1.025,19.58,38.41,-19.75,19.3,-17.66,-32.0,-48.0,-61.0,vwap_dist_bucket,,,,,,,far_above,,,,,
,927,50.38,39.48,32.25,0.008,-0.013,-0.032,1.015,0.979,0.952,7.09,13.1,-7.36,6.52,-7.19,-32.0,-41.0,-58.0,orb_range_bucket,,,,<=20,,,,,,,,
short,209,42.58,33.97,27.75,-0.148,-0.151,-0.167,0.742,0.772,0.768,19.22,34.93,-19.35,12.75,-16.25,-32.0,-34.0,-41.0,direction_fib_rel_vol,0.5,,,,,high,,,,,,
short,374,48.66,39.57,30.75,-0.027,-0.011,-0.078,0.948,0.982,0.888,22.72,37.31,-20.77,23.17,-18.69,-33.0,-33.0,-53.0,direction_fib_vwap,0.382,,,,,,,,true,,,
short,156,40.38,34.62,25.64,-0.192,-0.135,-0.231,0.677,0.794,0.69,20.81,29.39,-19.89,14.2,-18.09,-33.0,-30.0,-42.0,direction_fib_vwap_dist,0.382,,,,,,below,,,,,
,746,48.93,36.46,27.48,-0.021,-0.088,-0.176,0.958,0.861,0.758,34.53,51.47,-32.65,32.95,-35.62,-34.0,-72.5,-134.0,risk_bucket,,,30-40,,,,,,,,,
,361,47.92,36.01,27.15,-0.042,-0.1,-0.186,0.92,0.844,0.745,18.54,27.63,-17.41,12.38,-14.69,-34.0,-48.0,-71.0,hour,,10,,,,,,,,,,
long,245,43.67,39.18,32.24,-0.127,-0.02,-0.033,0.775,0.966,0.952,16.48,29.81,-18.58,12.07,-16.02,-34.0,-17.0,-21.0,direction_fib_rel_vol,0.618,,,,,high,,,,,,
short,141,41.84,35.46,32.62,-0.163,-0.113,-0.021,0.72,0.824,0.968,19.13,34.77,-18.92,17.0,-15.88,-34.0,-32.5,-27.0,direction_fib_vwap_dist,0.5,,,,,,below,,,,,
,1583,49.97,40.49,31.96,-0.001,0.012,-0.041,0.999,1.021,0.94,19.36,33.79,-19.24,17.0,-16.62,-35.0,-51.0,-105.0,fib,0.5,,,,,,,,,,,
,653,47.93,37.83,28.79,-0.041,-0.054,-0.136,0.921,0.913,0.809,32.36,52.4,-31.96,29.5,-33.62,-37.0,-50.5,-100.0,orb_range_bucket,,,,>60,,,,,,,,
short,379,49.6,40.11,32.72,-0.008,0.003,-0.018,0.984,1.004,0.973,20.38,39.22,-19.39,19.38,-16.75,-38.0,-38.5,-45.0,direction_fib_liq,0.5,,,,,,,2+,,,,
short,411,49.64,39.17,29.93,-0.007,-0.021,-0.102,0.986,0.966,0.854,21.51,35.74,-19.89,20.78,-18.13,-39.0,-44.5,-55.0,direction_fib_rel_vol,0.382,,,,,normal,,,,,,
short,493,48.48,39.35,32.25,-0.03,-0.016,-0.032,0.941,0.973,0.952,15.27,31.34,-16.01,11.35,-13.43,-39.0,-36.5,-48.0,direction_fib_vwap,0.618,,,,,,,,false,,,
,2159,51.32,39.93,31.68,0.026,-0.002,-0.05,1.054,0.997,0.927,20.26,35.61,-20.05,18.71,-17.84,-40.0,-96.0,-196.0,liq_sweep_bucket,,,,,,,,2+,,,,
,2605,50.71,40.08,31.21,0.014,0.002,-0.064,1.029,1.003,0.907,18.94,33.34,-18.44,17.13,-16.28,-40.0,-93.0,-230.0,hour,,9,,,,,,,,,,
,837,50.18,39.78,31.3,0.004,-0.005,-0.061,1.007,0.991,0.911,17.24,30.82,-16.94,14.09,-14.58,-40.0,-47.5,-67.0,liq_sweep_bucket,,,,,,,,0,,,,
short,818,49.02,40.34,32.15,-0.02,0.009,-0.035,0.962,1.014,0.948,19.3,36.02,-18.87,17.62,-16.25,-40.0,-50.5,-73.0,direction_fib,0.5,,,,,,,,,,,
long,302,45.03,36.09,26.16,-0.099,-0.098,-0.215,0.819,0.847,0.709,23.1,30.22,-22.52,19.02,-20.43,-40.0,-46.5,-69.0,direction_fib_vwap,0.382,,,,,,,,false,,,
short,252,43.25,32.94,28.97,-0.135,-0.177,-0.131,0.762,0.737,0.816,10.11,15.52,-10.16,6.65,-10.17,-40.0,-50.0,-41.0,direction_fib_risk,0.382,,<=15,,,,,,,,,
,1382,54.27,42.91,33.72,0.085,0.073,0.012,1.187,1.127,1.017,25.47,45.26,-24.53,30.1,-25.51,-41.0,-42.5,-90.0,orb_range_bucket,,,,40-60,,,,,,,,
,1521,49.97,40.04,33.0,-0.001,0.001,-0.01,0.999,1.002,0.985,16.3,32.59,-17.82,13.85,-15.07,-42.0,-43.0,-68.0,fib,0.618,,,,,,,,,,,
,1567,49.59,37.4,28.4,-0.008,-0.065,-0.148,0.984,0.896,0.793,21.37,32.41,-20.1,18.66,-18.07,-42.0,-121.0,-238.0,fib,0.382,,,,,,,,,,,
short,792,48.74,37.37,28.79,-0.025,-0.066,-0.136,0.951,0.895,0.809,21.12,34.44,-19.77,18.38,-17.81,-42.0,-68.5,-125.0,direction_fib,0.382,,,,,,,,,,,
long,366,48.36,38.8,31.15,-0.033,-0.03,-0.066,0.937,0.951,0.905,9.26,16.88,-11.33,8.01,-10.28,-42.0,-42.5,-43.0,direction_fib_risk,0.618,,<=15,,,,,,,,,
,750,48.0,35.07,26.13,-0.04,-0.123,-0.216,0.923,0.81,0.708,15.38,22.52,-15.07,10.92,-11.73,-43.0,-111.0,-178.0,vwap_dist_bucket,,,,,,,near,,,,,
short,315,43.81,34.6,29.52,-0.124,-0.135,-0.114,0.78,0.794,0.838,9.63,17.81,-10.1,7.0,-9.5,-44.0,-52.5,-50.0,direction_fib_risk,0.5,,<=15,,,,,,,,,
,2271,51.7,40.95,32.5,0.034,0.024,-0.025,1.07,1.04,0.963,19.38,34.3,-19.1,17.75,-16.66,-46.0,-91.5,-146.0,vwap_aligned,,,,,,,,,true,,,
,787,48.54,40.28,31.77,-0.029,0.007,-0.047,0.943,1.012,0.931,17.51,32.72,-18.54,17.27,-18.77,-46.0,-49.0,-90.0,risk_bucket,,,15-20,,,,,,,,,
,2185,52.72,41.19,33.0,0.054,0.03,-0.01,1.115,1.051,0.985,19.64,35.72,-19.31,19.29,-17.46,-47.0,-86.5,-129.0,rel_vol_bucket,,,,,,normal,,,,,,
long,733,49.39,40.11,32.2,-0.012,0.003,-0.034,0.976,1.005,0.95,16.43,30.8,-18.62,13.46,-15.66,-47.0,-33.5,-46.0,direction_fib,0.618,,,,,,,,,,,
,761,47.31,37.98,28.78,-0.054,-0.051,-0.137,0.898,0.918,0.808,17.79,28.42,-18.47,11.75,-14.62,-61.0,-64.0,-126.0,rel_vol_bucket,,,,,,extreme,,,,,,
long,2273,50.29,39.38,30.62,0.006,-0.016,-0.081,1.012,0.974,0.883,19.21,30.85,-19.58,16.0,-17.13,-62.0,-94.5,-225.0,direction,,,,,,,,,,,,
,821,49.21,38.86,30.69,-0.016,-0.029,-0.079,0.969,0.953,0.886,17.97,31.37,-18.9,16.64,-18.42,-66.0,-89.0,-103.0,orb_range_bucket,,,,30-40,,,,,,,,
,4671,49.84,39.31,31.11,-0.003,-0.017,-0.067,0.994,0.971,0.903,19.04,32.94,-19.07,16.32,-16.74,-79.0,-176.5,-403.0,directional_recent_fvg,,,,,,,,,,,true,
,1544,48.77,38.99,32.32,-0.025,-0.025,-0.03,0.952,0.959,0.955,19.12,33.36,-20.4,16.09,-17.69,-79.0,-108.5,-140.0,hour,,8,,,,,,,,,,
,4653,49.75,39.2,30.99,-0.005,-0.02,-0.07,0.99,0.967,0.898,19.04,32.84,-19.09,16.29,-16.75,-86.0,-184.5,-415.0,directional_displacement,,,,,,,,,,false,,
,1675,47.76,38.27,30.27,-0.045,-0.043,-0.092,0.914,0.93,0.868,18.37,30.54,-18.87,15.01,-16.62,-89.0,-96.5,-175.0,liq_sweep_bucket,,,,,,,,1,,,,
short,2398,49.42,39.24,31.57,-0.012,-0.019,-0.053,0.977,0.969,0.923,18.87,34.92,-18.58,16.63,-16.25,-92.0,-133.0,-221.0,direction,,,,,,,,,,,,
,1374,46.87,37.26,29.91,-0.063,-0.068,-0.103,0.882,0.891,0.854,19.1,32.23,-19.27,14.13,-17.03,-97.0,-102.0,-156.0,rel_vol_bucket,,,,,,high,,,,,,
,1583,47.13,37.65,29.82,-0.057,-0.059,-0.105,0.891,0.906,0.85,18.49,31.17,-18.62,14.21,-16.38,-100.0,-109.0,-180.0,body_pct_bucket,,,,,50-75,,,,,,,
,850,45.29,36.35,28.94,-0.094,-0.091,-0.132,0.828,0.857,0.815,18.76,29.63,-19.36,15.68,-17.01,-102.0,-107.0,-143.0,vwap_dist_bucket,,,,,,,below,,,,,
,1858,47.95,37.41,30.95,-0.041,-0.065,-0.072,0.921,0.896,0.896,9.58,17.6,-10.37,8.0,-10.02,-104.0,-155.0,-165.0,risk_bucket,,,<=15,,,,,,,,,
,2400,48.08,37.75,29.79,-0.038,-0.056,-0.106,0.926,0.91,0.849,18.71,31.65,-19.03,15.01,-16.74,-118.0,-184.0,-301.0,vwap_aligned,,,,,,,,,false,,,
,888,44.37,35.02,27.93,-0.113,-0.124,-0.162,0.798,0.808,0.775,12.68,21.61,-13.46,10.07,-13.4,-119.0,-134.0,-177.0,orb_range_bucket,,,,20-30,,,,,,,,
,3751,47.85,37.64,29.86,-0.043,-0.059,-0.104,0.918,0.906,0.851,19.12,31.18,-19.25,15.56,-16.85,-167.0,-231.5,-412.0,directional_v_reversal,,,,,,,,,,,,false
,1330,43.01,34.29,26.62,-0.14,-0.143,-0.202,0.755,0.783,0.725,19.49,27.68,-21.13,11.71,-18.22,-196.0,-204.0,-283.0,body_pct_bucket,,,,,>75,,,,,,,
