signal_time,entry_time,trade_date,year,month,day_of_week,hour,minute,side,entry_price,stop_price,target_price,risk_points,result_points,result_rr,exit_reason,bars_held,fill_bars,mfe_points,mae_points,lower_wick_pct,body_pct,range_expansion_20,rel_vol_20,atr_14,atr_50,dist_vwap,dist_vwap_day,dist_ema_20,dist_ema_50,dist_dol,dist_pdh,dist_pdl,dist_or_high_30m,dist_or_low_30m,or_range_30m,premarket_range,prior_day_range,liquidity_sweep_reclaim_count_last_30m,has_high_impact_usd_event,has_cpi,has_fomc,has_nfp,has_ppi,has_pmi_ism,has_jobs,has_fed_speech,idx,ts_event,symbol,open,high,low,close,volume,trade_date_utc,hour_utc,minute_utc,weekday,vwap_day,dist_vwap_day_right,return_1m,return_5m,return_15m,ema_9,ema_20,ema_50,dist_ema_9,dist_ema_20_right,dist_ema_50_right,true_range,atr_14_right,atr_50_right,vol_avg_20,vol_avg_50,rel_vol_20_right,rel_vol_50,bar_range,body,body_abs,body_pct_right,upper_wick,lower_wick,fwd_return_5m,fwd_return_15m,fwd_return_30m,fwd_return_60m,event_date_utc,usd_event_count,high_impact_event_count,cpi_event_count,fomc_event_count,nfp_event_count,ppi_event_count,pmi_ism_event_count,jobs_event_count,fed_speech_event_count,has_high_impact_usd_event_right,has_cpi_right,has_fomc_right,has_nfp_right,has_ppi_right,has_pmi_ism_right,has_jobs_right,has_fed_speech_right,trade_date_ct,hour_ct,minute_ct,weekday_ct,minute_of_day_ct,is_rth,is_opening_30m,is_premarket_window,is_morning_trade_window,is_lunch_window,is_pm_window,upper_wick_pct,lower_wick_pct_right,candle_direction,avg_range_20,avg_body_20,range_expansion_20_right,body_expansion_20,is_displacement_candle,bull_displacement,bear_displacement,bull_fvg,bear_fvg,bull_fvg_low,bull_fvg_high,bear_fvg_low,bear_fvg_high,bull_fvg_size,bear_fvg_size,bull_fvg_min_2pt,bear_fvg_min_2pt,prior_high,prior_low,prior_open,prior_close,prior_body,prior_body_pct,swept_prior_bar_high,swept_prior_bar_low,prior_high_sweep_close_back_below,prior_low_sweep_close_back_above,prior_rth_high,prior_rth_low,prior_rth_close,premarket_high,premarket_low,or_high_30m,or_low_30m,or_range_30m_right,premarket_range_right,prior_day_range_right,swept_prior_rth_high,swept_prior_rth_low,pdh_sweep_close_back_below,pdl_sweep_close_back_above,pmh_sweep_close_back_below,pml_sweep_close_back_above,above_or_high,below_or_low,dist_prior_rth_high,dist_prior_rth_low,dist_premarket_high,dist_premarket_low,dist_or_high_30m_right,dist_or_low_30m_right,fwd_points_5m,fwd_points_15m,fwd_points_30m,fwd_points_60m,fwd_points_120m,future_high_30m,future_low_30m,future_high_60m,future_low_60m,mfe_30m,mae_30m,mfe_60m,mae_60m,ict_session_date,is_asia_session,is_london_session,is_ny_rth_session,dol,session_high_so_far,session_low_so_far,pdh,pdl,pdc,prior_session_mid,prior_session_range,asia_high,asia_low,london_high,london_low,ny_open,vwap,dist_dol_right,dist_pdh_right,dist_pdl_right,dist_prior_session_mid,dist_asia_high,dist_asia_low,dist_london_high,dist_london_low,dist_ny_open,dist_vwap_right,above_dol,below_dol,above_vwap,below_vwap,prior_range_position,premium_vs_prior_range,discount_vs_prior_range,pdh_sweep_reclaim_now,pdh_sweep_reclaim_last_30m,pdl_sweep_reclaim_now,pdl_sweep_reclaim_last_30m,pmh_sweep_reclaim_now,pmh_sweep_reclaim_last_30m,pml_sweep_reclaim_now,pml_sweep_reclaim_last_30m,asia_high_sweep_reclaim_now,asia_high_sweep_reclaim_last_30m,asia_low_sweep_reclaim_now,asia_low_sweep_reclaim_last_30m,london_high_sweep_reclaim_now,london_high_sweep_reclaim_last_30m,london_low_sweep_reclaim_now,london_low_sweep_reclaim_last_30m,any_liquidity_sweep_reclaim_last_30m,liquidity_sweep_reclaim_count_last_30m_right,dol_cross_now,bull_dol_reclaim_now,bear_dol_reclaim_now,dol_cross_last_10m,bull_dol_reclaim_last_10m,bear_dol_reclaim_last_10m,inside_bull_fvg_current_bar,inside_bear_fvg_current_bar,recent_bull_fvg_last_120m,recent_bear_fvg_last_120m,bull_ifvg_proxy_fast,bear_ifvg_proxy_fast,any_ifvg_proxy_fast,prior_10m_high,prior_10m_low,prior_10m_open,bull_v_reversal_proxy,bear_v_reversal_proxy,any_v_reversal_proxy
2020-02-21T08:49:00.000000,2020-02-21T08:50:00.000000,2020-02-21,2020,2020-02,5,8,50,short,9501.44,9510.0,9484.31,8.56,17.12,2.0,target,1,1,18.94,-5.56,0.05714285714285714,0.8952380952380953,1.8551236749116606,1.6803690908295799,13.928571428571429,7.97,-85.19180175812107,-85.19180175812107,-57.30959799290031,-82.9033152387874,-134.0,-279.75,-33.75,-121.5,1.5,123.0,22.0,209.0,2,true,false,true,false,false,true,false,false,748742,2020-02-21T14:50:00.000000,NQH0,9483.25,9507.0,9482.5,9503.5,7347,2020-02-21,14,50,5,9566.807630262118,-63.30763026211753,0.0021353438958162663,-0.0018380422224556492,-0.006091981070410757,9514.598920422606,9537.030112469767,9563.696322484326,-11.09892042260617,-33.53011246976712,-60.19632248432572,24.5,14.75,8.36,4597.7,2227.58,1.597972899493225,3.2981980445146752,24.5,20.25,20.25,0.826530612244898,3.5,0.75,0.0009207134213711221,0.0004472036618088371,0.0005261219550691809,-0.0011311622033987057,2020-02-21,4,1,0,2,0,0,1,0,0,true,false,true,false,false,true,false,false,2020-02-21,8,50,4,530,true,true,false,true,false,false,0.14285714285714285,0.030612244897959183,bull,14.4625,9.525,1.6940363007778738,2.1259842519685037,true,true,false,false,false,,,,,,,false,false,9508.0,9481.75,9506.75,9483.25,-23.5,0.8952380952380953,false,false,false,false,9726.0,9517.0,9637.0,9605.5,9583.5,9604.75,9481.75,123.0,22.0,209.0,false,true,false,false,false,false,false,false,-222.5,-13.5,-102.0,-80.0,-101.25,21.75,8.75,4.25,5.0,-10.75,10.25,9523.75,9482.5,9530.75,9472.75,20.25,21.0,27.25,30.75,2020-02-21,false,false,true,9617.25,9623.75,9481.75,9763.0,9517.0,9618.25,9640.0,246.0,9623.75,9556.0,9605.75,9538.25,9617.25,9566.807630262118,-113.75,-259.5,-13.5,-136.5,-120.25,-52.5,-102.25,-34.75,-113.75,-63.30763026211753,false,true,false,true,-0.054878048780487805,false,true,false,false,false,false,false,false,false,false,false,false,false,true,false,false,false,true,true,2,false,false,false,false,false,false,false,false,true,true,true,false,true,9549.0,9481.75,9549.0,true,false,true
2020-03-20T10:09:00.000000,2020-03-20T10:10:00.000000,2020-03-20,2020,2020-03,5,10,10,short,7222.12,7232.75,7200.88,10.62,21.25,2.0,target,1,1,25.38,-8.38,0.050724637681159424,0.9130434782608695,1.5628539071347678,1.6993815541812316,22.482142857142858,23.785,-203.35968568369572,-203.35968568369572,-83.11494868987575,-120.94918156336735,54.25,-304.5,323.75,-279.75,-182.75,97.0,200.25,346.0,1,true,false,false,false,false,false,false,false,774192,2020-03-20T16:10:00.000000,NQM0,7199.25,7230.5,7196.75,7228.75,1718,2020-03-20,16,10,5,7400.4572900754065,-171.7072900754065,0.004272020005557042,-0.0049211920985614555,-0.010979614174305596,7248.046861547057,7276.127810719411,7315.411958756961,-19.296861547057233,-47.37781071941117,-86.66195875696121,33.75,23.410714285714285,24.015,976.6,1090.6,1.7591644480851936,1.575279662571062,33.75,29.5,29.5,0.8740740740740741,1.75,2.5,0.00027667300708977827,-0.007608507694968014,-0.005844717274770872,0.008991872730416794,2020-03-20,3,3,0,0,0,0,0,0,0,true,false,false,false,false,false,false,false,2020-03-20,10,10,4,610,true,false,false,true,false,false,0.05185185185185185,0.07407407407407407,bull,22.25,12.6375,1.5168539325842696,2.334322453016815,true,true,false,false,false,,,,,,,false,false,7230.75,7196.25,7229.5,7198.0,-31.5,0.9130434782608695,false,false,false,false,7502.5,7156.5,7184.75,7488.5,7288.25,7477.75,7380.75,97.0,200.25,346.0,false,false,false,false,false,false,false,true,-273.75,72.25,-259.75,-59.5,-249.0,-152.0,2.0,-55.0,-42.25,65.0,38.5,7248.5,7132.0,7309.5,7132.0,19.75,96.75,80.75,96.75,2020-03-20,false,false,true,7143.75,7649.0,7126.25,7502.5,6874.25,7145.75,7188.375,628.25,7370.0,7126.25,7649.0,7305.25,7143.75,7400.4572900754065,85.0,-273.75,354.5,40.375,-141.25,102.5,-420.25,-76.5,85.0,-171.7072900754065,true,false,false,true,0.5642658177477119,true,false,false,false,false,false,false,false,false,false,false,false,false,false,false,false,false,true,true,1,false,false,false,false,false,false,false,false,true,true,true,false,true,7316.0,7196.25,7304.75,true,true,true
2020-04-16T10:36:00.000000,2020-04-16T10:37:00.000000,2020-04-16,2020,2020-04,4,10,37,short,8624.75,8633.25,8607.75,8.5,17.0,2.0,target,1,1,17.5,-0.75,0.057692307692307696,0.9423076923076923,1.7232808616404307,1.1513282135213396,15.392857142857142,12.315,-60.748035774113305,-60.748035774113305,-52.73201354865705,-86.22616563168594,66.0,-89.0,120.25,-107.25,-35.75,71.5,106.25,144.25,4,true,false,true,false,false,false,false,false,798722,2020-04-16T16:37:00.000000,NQM0,8607.25,8625.5,8607.25,8619.0,1642,2020-04-16,16,37,4,8667.263075901748,-48.26307590174838,0.0014233014784907905,-0.0020551712160244984,-0.0074564560241831,8632.47334436107,8655.62658368688,8690.075139528482,-13.473344361069394,-36.62658368688062,-71.0751395284824,18.75,16.089285714285715,12.545,1554.0,1234.34,1.0566280566280566,1.3302655670236727,18.25,11.75,11.75,0.6438356164383562,6.5,0.0,0.002465483234713961,0.0040027845457710765,0.00440886413737096,0.00794755772131328,2020-04-16,4,1,0,1,0,0,0,0,0,true,false,true,false,false,false,false,false,2020-04-16,10,37,3,637,true,false,false,true,false,false,0.3561643835616438,0.0,bull,15.1375,9.9625,1.2056151940545006,1.179422835633626,false,false,false,false,false,,,,,,,false,false,8631.25,8605.25,8631.25,8606.75,-24.5,0.9423076923076923,false,false,false,false,8656.25,8512.0,8576.5,8698.0,8591.75,8714.0,8642.5,71.5,106.25,144.25,false,false,false,false,false,false,false,true,-37.25,107.0,-79.0,27.25,-95.0,-23.5,21.25,34.5,38.0,68.5,100.0,8671.0,8607.25,8694.75,8607.25,52.0,11.75,75.75,11.75,2020-04-16,false,false,true,8540.75,8785.5,8500.5,8695.75,8486.5,8540.75,8591.125,209.25,8617.5,8500.5,8698.5,8596.25,8540.75,8667.263075901748,78.25,-76.75,132.5,27.875,1.5,118.5,-79.5,22.75,78.25,-48.26307590174838,true,false,false,true,0.6332138590203107,true,false,false,true,false,false,false,true,false,false,false,true,false,false,false,true,false,false,true,4,false,false,false,false,false,false,false,false,true,true,true,false,true,8681.5,8605.25,8681.25,false,true,true
2020-12-02T08:40:00.000000,2020-12-02T08:41:00.000000,2020-12-02,2020,2020-12,3,8,41,short,12352.56,12362.5,12332.69,9.94,19.88,2.0,target,1,1,25.31,-1.19,0.10236220472440945,0.6614173228346457,2.8159645232815964,2.828945491885108,13.446428571428571,6.94,-69.56931757883649,-69.56931757883649,-35.36667902703266,-49.31424036214776,-124.25,-180.25,20.0,-65.75,19.5,85.25,48.5,178.0,1,true,false,true,true,false,false,false,true,1020772,2020-12-02T14:41:00.000000,NQZ0,12332.0,12353.75,12327.25,12352.25,3315,2020-12-02,14,41,3,12400.067323680994,-47.81732368099438,0.0016420694129095637,-0.0002832689233757124,-0.002966341109048365,12355.610349586406,12365.926995310172,12380.174466230299,-3.3603495864063007,-13.67699531017206,-27.924466230299004,26.5,15.142857142857142,7.37,1871.15,926.72,1.7716377628730993,3.577132251381215,26.5,20.25,20.25,0.7641509433962265,1.5,4.75,-0.0015988989860147296,0.0008500475621850967,0.003319233338055838,0.005849136796939769,2020-12-02,6,1,0,2,1,0,0,0,1,true,false,true,true,false,false,false,true,2020-12-02,8,41,2,521,true,true,false,true,false,false,0.05660377358490566,0.1792452830188679,bull,12.0125,6.3375,2.206035379812695,3.195266272189349,true,true,false,false,false,,,,,,,false,false,12360.5,12328.75,12353.0,12332.0,-21.0,0.6614173228346457,false,true,false,true,12512.25,12334.25,12457.0,12419.25,12370.75,12397.75,12312.5,85.25,48.5,178.0,false,true,false,true,false,false,false,false,-160.0,18.0,-67.0,-18.5,-45.5,39.75,-19.75,10.5,41.0,72.25,95.25,12392.25,12312.5,12429.5,12312.5,40.0,39.75,77.25,39.75,2020-12-02,false,false,true,12456.25,12473.5,12327.25,12512.25,12312.0,12458.5,12412.125,200.25,12473.5,12405.5,12458.0,12392.25,12456.25,12400.067323680994,-104.0,-160.0,40.25,-59.875,-121.25,-53.25,-105.75,-40.0,-104.0,-47.81732368099438,false,true,false,true,0.2009987515605493,false,true,false,false,false,false,false,false,false,false,false,false,false,false,false,false,false,true,true,1,false,false,false,false,false,false,false,false,true,true,true,false,true,12374.25,12327.25,12369.0,true,true,true
2021-11-09T10:13:00.000000,2021-11-09T10:14:00.000000,2021-11-09,2021,2021-11,2,10,14,short,16231.5,16240.5,16213.5,9.0,18.0,2.0,target,1,1,19.5,-2.75,0.044642857142857144,0.7232142857142857,2.083720930232558,1.940007170457714,13.267857142857142,12.93,-76.03425983984016,-76.03425983984016,-41.27701887826879,-48.69589133414229,-103.75,-182.25,-44.25,-180.0,14.0,194.0,49.25,91.5,2,true,true,true,false,true,false,true,true,1349484,2021-11-09T16:14:00.000000,NQZ1,16212.0,16234.25,16212.0,16231.75,1641,2021-11-09,16,14,2,16287.456720014534,-55.70672001453386,0.0012336731074682472,-0.001537822750549811,-0.001184542489692908,16241.674592840505,16251.000636127957,16259.320562262215,-9.924592840505284,-19.250636127957478,-27.57056226221539,22.5,13.696428571428571,13.045,1286.65,1319.68,1.275405121828003,1.243483268671193,22.25,19.75,19.75,0.8876404494382022,2.5,0.0,0.001078133904230949,0.0003080382583517949,0.0026953347605773725,-0.0002618325195988813,2021-11-09,10,5,3,1,0,1,0,1,1,true,true,true,false,true,false,true,true,2021-11-09,10,14,1,614,true,false,false,true,false,false,0.11235955056179775,0.0,bull,13.95,8.3125,1.5949820788530467,2.3759398496240602,true,true,false,false,false,,,,,,,false,false,16238.5,16210.5,16232.0,16211.75,-20.25,0.7232142857142857,false,false,false,false,16394.0,16302.5,16322.0,16387.75,16338.5,16391.75,16197.75,194.0,49.25,91.5,false,true,false,false,false,false,false,false,-162.25,-70.75,-156.0,-106.75,-160.0,34.0,17.5,5.0,43.75,-4.25,-20.5,16264.0,16212.0,16276.75,16185.0,32.25,19.75,45.0,46.75,2021-11-09,false,false,true,16315.5,16391.75,16189.5,16394.0,16256.0,16322.75,16325.0,138.0,16323.0,16282.5,16373.0,16302.0,16315.5,16287.456720014534,-83.75,-162.25,-24.25,-93.25,-91.25,-50.75,-141.25,-70.25,-83.75,-55.70672001453386,false,true,false,true,-0.17572463768115942,false,true,false,false,false,true,false,false,false,false,false,false,false,false,false,false,false,false,true,1,false,false,false,false,false,false,false,false,true,true,true,false,true,16273.5,16210.5,16268.75,true,true,true
2021-11-10T08:37:00.000000,2021-11-10T08:38:00.000000,2021-11-10,2021,2021-11,3,8,38,short,16101.81,16110.25,16084.94,8.44,16.88,2.0,target,1,1,18.56,-2.44,0.0970873786407767,0.8058252427184466,1.5535444947209653,1.3609436707545208,21.303571428571427,10.8,-48.63465220815851,-48.63465220815851,-9.613746387234642,-18.778493471707407,-116.25,-306.75,-75.0,-94.25,43.25,137.5,81.0,231.75,2,false,false,false,false,false,false,false,false,1350768,2021-11-10T14:38:00.000000,NQZ1,16085.0,16104.25,16083.25,16095.25,2498,2021-11-10,14,38,3,16132.99443813848,-37.74443813847938,0.0006372396642835287,0.0023353209509426875,-0.0014579294300116619,16089.640201577962,16094.674341969403,16103.444042747327,5.609798422037784,0.5756580305969692,-8.19404274732733,21.0,22.125,11.13,2033.6,1044.92,1.2283634933123526,2.3906136354936263,21.0,10.25,10.25,0.4880952380952381,9.0,1.75,0.0013513303614420824,0.0025007377953123466,0.0061508830244947355,0.004954877991954154,2021-11-10,5,0,0,0,0,0,0,0,0,false,false,false,false,false,false,false,false,2021-11-10,8,38,2,518,true,true,false,true,false,false,0.42857142857142855,0.08333333333333333,bull,17.2,9.0625,1.2209302325581395,1.1310344827586207,false,false,false,false,false,,,,,,,false,false,16108.25,16082.5,16105.75,16085.0,-20.75,0.8058252427184466,false,false,false,false,16391.75,16160.0,16214.75,16162.5,16081.5,16179.25,16041.75,137.5,81.0,231.75,false,true,false,false,false,false,false,false,-296.5,-64.75,-67.25,13.75,-84.0,53.5,21.75,40.25,99.0,79.75,47.25,16197.75,16083.25,16221.0,16083.25,102.5,12.0,125.75,12.0,2021-11-10,false,false,true,16201.25,16243.0,16041.75,16391.75,16160.0,16197.25,16275.875,231.75,16201.25,16132.5,16243.0,16112.25,16201.25,16132.99443813848,-106.0,-296.5,-64.75,-180.625,-106.0,-37.25,-147.75,-17.0,-106.0,-37.74443813847938,false,true,false,true,-0.27939590075512405,false,true,false,false,false,false,false,false,false,true,false,false,false,false,false,false,false,true,true,2,false,false,false,false,false,false,false,false,true,true,true,false,true,16113.5,16041.75,16100.25,true,false,true
2021-12-01T08:32:00.000000,2021-12-01T08:33:00.000000,2021-12-01,2021,2021-12,3,8,33,short,16313.44,16320.0,16300.31,6.56,13.12,2.0,target,1,1,14.44,-2.56,0.0958904109589041,0.821917808219178,2.085714285714286,3.6979192906443648,10.178571428571429,6.88,-32.97582094374047,-32.97582094374047,-36.89587914774529,-47.61934327769268,62.75,-154.75,232.75,-52.25,31.0,83.25,41.5,387.5,1,true,false,true,true,false,true,false,true,1370998,2021-12-01T14:33:00.000000,NQZ1,16301.5,16316.0,16299.0,16306.5,2999,2021-12-01,14,33,3,16333.922313924184,-27.42231392418398,0.0003067202404687386,-0.0020654518749713136,-0.0029806942724812657,16323.721650462543,16335.35817637177,16347.44799648249,-17.22165046254304,-28.85817637177024,-40.94799648248954,17.0,10.535714285714286,7.165,1126.55,630.1,2.6621099818028493,4.759561974289795,17.0,5.0,5.0,0.29411764705882354,9.5,2.5,0.0003219575016097931,-0.00033728881121020127,0.0028669548952870993,0.001809094532855049,2021-12-01,9,2,0,3,1,0,1,0,1,true,false,true,true,false,true,false,true,2021-12-01,8,33,2,513,true,true,false,true,false,false,0.5588235294117647,0.14705882352941177,bull,9.3375,4.2375,1.820615796519411,1.1799410029498525,false,false,false,false,false,,,,,,,false,false,16318.0,16299.75,16316.5,16301.5,-15.0,0.821917808219178,false,true,false,true,16456.25,16068.75,16186.5,16379.0,16337.5,16353.75,16270.5,83.25,41.5,387.5,false,false,false,false,false,false,false,false,-149.75,237.75,-72.5,-31.0,-47.25,36.0,5.25,-5.5,46.75,29.5,91.0,16367.5,16270.5,16377.5,16270.5,61.0,36.0,71.0,36.0,2021-12-01,false,false,true,16238.75,16403.5,16182.5,16456.25,16068.75,16238.25,16262.5,387.5,16378.75,16182.5,16403.5,16301.0,16238.75,16333.922313924184,67.75,-149.75,237.75,44.0,-72.25,124.0,-97.0,5.5,67.75,-27.42231392418398,true,false,false,true,0.6135483870967742,true,false,false,false,false,false,false,false,false,false,false,false,false,false,false,false,true,true,true,1,false,false,false,false,false,false,false,false,true,true,true,false,true,16353.75,16299.0,16344.5,false,true,true
2021-12-30T08:42:00.000000,2021-12-30T08:43:00.000000,2021-12-30,2021,2021-12,4,8,43,short,16467.44,16474.75,16452.81,7.31,14.62,2.0,target,1,1,18.19,-1.31,0.023529411764705882,0.8823529411764706,1.5426497277676952,1.5547175181443005,16.428571428571427,8.1,-45.02103028942656,-45.02103028942656,-39.81647781375432,-47.143251946487,-32.5,-112.25,64.5,-66.0,2.75,68.75,55.75,162.0,3,false,false,false,false,false,true,true,false,1398606,2021-12-30T14:43:00.000000,NQH2,16451.75,16468.75,16449.25,16466.75,1873,2021-12-30,14,43,4,16496.29047533147,-29.54047533146877,0.0008965475322149086,-0.001984908633594906,-0.0008646320004853658,16481.0485739125,16489.429194212444,16497.87292834074,-14.298573912499705,-22.67919421244369,-31.122928340741055,19.5,16.910714285714285,8.385,1497.0,681.4,1.2511690046760187,2.748752568241855,19.5,15.0,15.0,0.7692307692307693,2.0,2.5,0.000561738047884397,0.0018370352376759769,0.004539450711281923,0.005040460321557028,2021-12-30,3,0,0,0,0,0,1,1,0,false,false,false,false,false,true,true,false,2021-12-30,8,43,3,523,true,true,false,true,false,false,0.10256410256410256,0.1282051282051282,bull,14.6375,6.8875,1.3321947053800172,2.1778584392014517,false,false,false,false,true,,,16468.75,16469.25,,0.5,false,false,16472.75,16451.5,16470.75,16452.0,-18.75,0.8823529411764706,false,true,false,true,16549.5,16387.5,16490.5,16530.75,16475.0,16518.0,16449.25,68.75,55.75,162.0,false,false,false,false,false,false,false,false,-82.75,79.25,-64.0,-8.25,-51.25,17.5,9.25,30.25,74.75,83.0,67.0,16541.25,16449.25,16567.5,16449.25,74.5,17.5,100.75,17.5,2021-12-30,false,false,true,16484.5,16542.5,16442.0,16564.25,16387.5,16481.5,16475.875,176.75,16493.0,16442.0,16542.5,16468.75,16484.5,16496.29047533147,-17.75,-97.5,79.25,-9.125,-26.25,24.75,-75.75,-2.0,-17.75,-29.54047533146877,false,true,false,true,0.44837340876944837,false,true,false,false,false,false,false,false,false,true,false,true,false,false,false,false,false,true,true,3,false,false,false,true,false,true,false,false,true,true,true,false,true,16518.0,16449.25,16501.25,true,true,true
2022-09-06T10:40:00.000000,2022-09-06T10:41:00.000000,2022-09-06,2022,2022-09,2,10,41,short,12041.75,12049.25,12026.75,7.5,15.0,2.0,target,1,1,16.25,-6.75,0.07954545454545454,0.7159090909090909,1.8106995884773662,1.1487444731792775,11.892857142857142,13.64,-61.61800837391638,-61.61800837391638,-19.160234116379797,-35.98487387273417,-142.5,-155.5,-27.0,-97.5,58.5,156.0,258.75,38.75,1,true,false,true,false,false,true,false,false,1641595,2022-09-06T16:41:00.000000,NQU2,12026.75,12048.5,12025.5,12047.25,1080,2022-09-06,16,41,2,12088.529751392674,-41.27975139267437,0.0016837116487902204,0.00016604055540558882,0.0018919705601063708,12042.244115531488,12046.264021343392,12062.367819995372,5.005884468511795,0.9859786566084949,-15.117819995371974,23.0,12.428571428571429,13.84,1202.15,1262.32,0.8983903838955205,0.855567526459218,23.0,20.5,20.5,0.8913043478260869,1.25,1.25,0.0013488555479466147,0.001411110419390349,-0.004399344248687487,-0.005001141339309845,2022-09-06,5,1,0,2,0,0,2,0,0,true,false,true,false,false,true,false,false,2022-09-06,10,41,1,641,true,false,false,true,false,false,0.05434782608695652,0.05434782608695652,bull,12.5625,6.5625,1.8308457711442787,3.123809523809524,true,true,false,false,false,,,,,,,false,false,12047.25,12025.25,12042.75,12027.0,-15.75,0.7159090909090909,true,false,false,false,12167.5,12128.75,12136.0,12188.75,11930.0,12124.5,11968.5,156.0,258.75,38.75,false,true,false,false,false,false,false,false,-120.25,-81.5,-141.5,117.25,-77.25,78.75,16.25,17.0,-53.0,-60.25,-19.0,12076.5,11989.0,12076.5,11972.5,29.25,58.25,29.25,74.75,2022-09-06,false,false,true,12169.5,12244.5,11930.0,12182.5,12054.0,12169.75,12118.25,128.5,12234.0,12132.0,12244.5,12117.0,12169.5,12088.529751392674,-122.25,-135.25,-6.75,-71.0,-186.75,-84.75,-197.25,-69.75,-122.25,-41.27975139267437,false,true,false,true,-0.05252918287937743,false,true,false,false,false,true,false,false,false,false,false,false,false,false,false,false,false,false,true,1,false,false,false,false,false,false,false,false,true,true,true,false,true,12054.25,12025.25,12041.5,true,false,true
2023-11-16T08:32:00.000000,2023-11-16T08:33:00.000000,2023-11-16,2023,2023-11,4,8,33,short,15843.88,15851.25,15829.12,7.38,14.75,2.0,target,1,1,17.62,-0.12,0.03488372093023256,0.9418604651162791,2.760834670947031,2.5333660853189226,8.982142857142858,6.27,-24.8166323520054,-24.8166323520054,-21.20570170452629,-26.440565042847084,-18.25,-221.0,-3.75,-69.5,3.25,72.75,61.25,144.75,2,true,false,true,false,false,false,true,false,2066563,2023-11-16T14:33:00.000000,NQZ3,15828.25,15844.0,15826.25,15841.5,2994,2023-11-16,14,33,4,15853.071511712498,-11.57151171249825,0.0008213033452317831,-0.00045744932565661145,-0.001087727595176169,15843.843076510277,15848.924206304095,15854.413484060775,-2.34307651027666,-7.424206304094696,-12.913484060774863,17.75,9.571428571428571,6.54,1350.6,860.1,2.216792536650378,3.480990582490408,17.75,13.25,13.25,0.7464788732394366,2.5,2.0,0.0007732853580784127,0.002098917400498612,0.002777514755547106,0.0018779787267619863,2023-11-16,11,1,0,5,0,0,0,1,0,true,false,true,false,false,false,true,false,2023-11-16,8,33,3,513,true,true,false,true,false,false,0.14084507042253522,0.11267605633802817,bull,8.3375,4.3125,2.128935532233883,3.072463768115942,true,true,false,false,false,,,,,,,false,false,15849.25,15827.75,15848.75,15828.5,-20.25,0.9418604651162791,false,true,false,true,15977.25,15832.5,15887.0,15883.25,15822.0,15898.0,15825.25,72.75,61.25,144.75,false,true,false,true,false,false,false,false,-135.75,9.0,-41.75,19.5,-56.5,16.25,12.25,33.25,44.0,29.75,-25.5,15899.5,15826.25,15905.75,15826.25,58.0,15.25,64.25,15.25,2023-11-16,false,false,true,15846.75,15883.25,15822.0,16049.5,15832.25,15845.25,15940.875,217.25,15881.0,15824.0,15873.5,15822.0,15846.75,15853.071511712498,-5.25,-208.0,9.25,-99.375,-39.5,17.5,-32.0,19.5,-5.25,-11.57151171249825,false,true,false,true,0.04257767548906789,false,true,false,false,true,true,false,false,false,false,false,false,false,false,false,false,false,false,true,1,false,false,false,true,true,true,false,false,true,true,true,false,true,15855.25,15825.25,15847.5,true,true,true
2024-02-16T08:32:00.000000,2024-02-16T08:33:00.000000,2024-02-16,2024,2024-02,5,8,33,short,17903.94,17911.25,17889.31,7.31,14.62,2.0,target,1,1,17.19,-1.06,0.023529411764705882,0.9764705882352941,2.2606382978723403,3.3875030470463963,10.821428571428571,8.705,-66.45926457668247,-66.45926457668247,-36.550607220044185,-46.601600004636566,-63.5,-79.75,108.0,-41.5,134.5,176.0,106.75,152.5,2,true,false,true,false,false,false,false,false,2154167,2024-02-16T14:33:00.000000,NQH4,17888.75,17905.0,17886.75,17904.0,2969,2024-02-16,14,33,5,17953.901014198782,-49.90101419878192,0.0008664784638174883,-0.00140831323117252,-0.00163104847141482,17914.192125485162,17923.045787484803,17933.88192941622,-10.19212548516225,-19.04578748480344,-29.881929416220373,18.25,11.553571428571429,8.92,1356.95,971.04,2.1879951361509264,3.0575465480309774,18.25,15.25,15.25,0.8356164383561644,1.0,2.0,0.00011170688114381377,-0.0017873100983020196,-0.008601429848078657,-0.009076184092940087,2024-02-16,4,1,0,3,0,0,0,0,0,true,false,true,false,false,false,false,false,2024-02-16,8,33,4,513,true,true,false,true,false,false,0.0547945205479452,0.1095890410958904,bull,10.025,5.7375,1.8204488778054861,2.657952069716776,true,true,false,false,false,,,,,,,false,false,17909.25,17888.0,17909.25,17888.5,-20.75,0.9764705882352941,false,true,false,true,17933.0,17780.5,17919.0,18009.75,17903.0,17930.0,17754.0,176.0,106.75,152.5,false,false,false,false,false,true,false,false,-29.0,123.5,-105.75,1.0,-26.0,150.0,2.0,-32.0,-154.0,-162.5,-40.5,17924.25,17717.0,17924.25,17717.0,20.25,187.0,20.25,187.0,2024-02-16,false,false,true,17952.0,18026.0,17886.75,17968.25,17780.5,17955.0,17874.375,187.75,17959.0,17911.25,18026.0,17932.0,17952.0,17953.901014198782,-48.0,-64.25,123.5,29.625,-55.0,-7.25,-122.0,-28.0,-48.0,-49.90101419878192,false,true,false,true,0.6577896138482024,true,false,false,false,false,false,false,false,true,true,false,false,false,false,false,false,false,true,true,2,false,false,false,false,false,false,false,false,true,true,true,false,true,17936.25,17886.75,17927.25,true,true,true
2024-02-23T10:13:00.000000,2024-02-23T10:14:00.000000,2024-02-23,2024,2024-02,5,10,14,short,17967.0,17975.75,17949.5,8.75,17.5,2.0,target,1,1,21.0,-5.25,0.046296296296296294,0.8796296296296297,1.7880794701986755,1.3393216532847487,15.803571428571429,14.18,-113.65582979240207,-113.65582979240207,-40.46006939748986,-71.67585608152876,-75.25,-139.0,272.0,-196.75,-112.75,84.0,81.25,223.0,3,false,false,true,false,false,false,false,false,2160928,2024-02-23T16:14:00.000000,NQH4,17947.5,17972.25,17946.0,17966.75,2877,2024-02-23,16,14,5,18060.85360604538,-94.10360604538073,0.0010446846445286706,-0.000013914398619641055,-0.0028167059802969296,17969.890702378492,17986.392443740588,18017.600332313625,-3.1407023784922785,-19.642443740587623,-50.850332313624676,26.25,16.089285714285715,14.355,2447.2,2109.48,1.1756292906178492,1.3638432220262813,26.25,19.25,19.25,0.7333333333333333,5.5,1.5,0.0004313523592192059,0.0022263347572599734,0.002490712009684648,0.004508327883451457,2024-02-23,1,0,0,1,0,0,0,0,0,false,false,true,false,false,false,false,false,2024-02-23,10,14,4,614,true,false,false,true,false,false,0.20952380952380953,0.05714285714285714,bull,15.9125,8.0,1.6496465043205029,2.40625,true,true,false,false,false,,,,,,,false,false,17973.75,17946.75,17971.75,17948.0,-23.75,0.8796296296296297,false,true,false,true,18087.0,17864.0,18035.25,18113.0,18031.75,18144.75,18060.75,84.0,81.25,223.0,false,false,false,false,false,false,false,true,-120.25,102.75,-146.25,-65.0,-178.0,-94.0,7.75,40.0,44.75,81.0,80.75,18019.25,17946.0,18064.25,17946.0,52.5,20.75,97.5,20.75,2024-02-23,false,false,true,18023.25,18144.75,17946.0,18087.0,17676.0,18023.5,17881.5,411.0,18054.75,18015.5,18065.25,17999.25,18023.25,18060.85360604538,-56.5,-120.25,290.75,85.25,-88.0,-48.75,-98.5,-32.5,-56.5,-94.10360604538073,false,true,false,true,0.7074209245742092,true,false,false,false,false,false,false,false,false,true,false,true,false,true,false,false,false,false,true,3,false,false,false,false,false,false,false,false,true,true,true,false,true,17982.0,17946.0,17964.5,true,false,true
2025-01-02T08:39:00.000000,2025-01-02T08:40:00.000000,2025-01-02,2025,2025-01,4,8,40,short,21202.06,21213.75,21178.69,11.69,23.38,2.0,target,1,1,35.56,-6.69,0.08387096774193549,0.7483870967741936,1.5523284927391088,1.4741771105908277,31.178571428571427,18.94,-169.35020829871064,-169.35020829871064,-114.41256044607144,-167.08021901621032,-92.75,-348.5,-5.75,-232.75,9.75,242.5,131.5,306.5,2,true,false,false,false,false,true,true,false,2463908,2025-01-02T14:40:00.000000,NQH5,21177.25,21208.75,21166.5,21192.5,2822,2025-01-02,14,40,4,21343.163810896007,-150.6638108960069,0.0007673691045393394,-0.0015547336929636613,-0.007655928076418794,21233.391271130975,21281.313745165495,21337.415308466556,-40.89127113097493,-88.81374516549477,-144.91530846655587,42.25,33.107142857142854,19.335,1935.55,1088.28,1.4579835188964378,2.593082662550079,42.25,15.25,15.25,0.3609467455621302,16.25,10.75,0.0014391883921198723,0.009283944791789622,0.011147811725846335,0.0032558688215169607,2025-01-02,5,1,0,0,0,0,2,1,0,true,false,false,false,false,true,true,false,2025-01-02,8,40,3,520,true,true,false,true,false,false,0.38461538461538464,0.25443786982248523,bull,26.3375,12.7,1.6041765543426674,1.2007874015748032,false,false,false,false,false,,,,,,,false,false,21211.75,21173.0,21205.25,21176.25,-29.0,0.7483870967741936,false,true,false,true,21488.5,21182.0,21229.25,21466.5,21335.0,21409.0,21166.5,242.5,131.5,306.5,false,true,false,true,false,false,false,false,-296.0,10.5,-274.0,-142.5,-216.5,26.0,30.5,196.75,236.25,69.0,125.25,21444.0,21166.5,21444.0,21166.5,251.5,26.0,251.5,26.0,2025-01-02,false,false,true,21269.0,21490.5,21121.75,21524.75,21182.0,21234.25,21353.375,342.75,21376.5,21121.75,21490.5,21318.0,21269.0,21343.163810896007,-76.5,-332.25,10.5,-160.875,-184.0,70.75,-298.0,-125.5,-76.5,-150.6638108960069,false,true,false,true,0.030634573304157548,false,true,false,false,true,true,false,false,false,true,false,true,false,false,false,false,false,false,true,3,false,false,false,true,false,true,false,false,true,true,true,false,true,21373.0,21166.5,21341.25,false,true,true
2025-02-07T10:46:00.000000,2025-02-07T10:47:00.000000,2025-02-07,2025,2025-02,5,10,47,short,21651.5,21663.25,21628.0,11.75,23.5,2.0,target,1,1,28.5,-0.5,0.07051282051282051,0.8141025641025641,1.808695652173913,1.8376886435471662,21.75,25.67,-162.775895999559,-162.775895999559,-36.401234184646455,-58.73894834728344,-192.75,-257.25,-80.75,-343.0,-244.75,98.25,139.75,170.75,1,false,false,true,false,false,false,false,false,2499224,2025-02-07T16:47:00.000000,NQH5,21625.25,21652.0,21623.0,21646.5,1971,2025-02-07,16,47,5,21786.975181735575,-140.47518173557546,0.0009942196531791403,-0.0006809394656356327,-0.0005079071915040645,21651.049994979552,21659.982069024205,21682.278597431705,-4.549994979552139,-13.482069024204975,-35.77859743170484,29.0,22.232142857142858,25.805,1155.0,1567.28,1.7064935064935065,1.2575927721913123,29.0,21.25,21.25,0.7327586206896551,5.5,2.25,-0.0016168895664425698,-0.0012935116531540558,-0.0008661908391657258,0.0010047813734321842,2025-02-07,6,0,0,3,0,0,0,0,0,false,false,true,false,false,false,false,false,2025-02-07,10,47,4,647,true,false,false,true,false,false,0.1896551724137931,0.07758620689655173,bull,21.95,10.1125,1.3211845102505695,2.1013597033374536,false,false,false,false,false,,,,,,,false,false,21661.25,21622.25,21656.75,21625.0,-31.75,0.8141025641025641,false,false,false,false,21882.25,21711.5,21851.75,21930.0,21790.25,21968.0,21869.75,98.25,139.75,170.75,false,true,false,false,false,false,false,true,-235.75,-65.0,-283.5,-143.75,-321.5,-223.25,-35.0,-28.0,-18.75,21.75,8.25,21675.0,21585.0,21675.0,21585.0,28.5,61.5,28.5,61.5,2025-02-07,false,false,true,21817.75,21968.0,21613.0,21882.25,21705.75,21845.25,21794.0,176.5,21899.25,21807.5,21881.75,21826.25,21817.75,21786.975181735575,-171.25,-235.75,-59.25,-147.5,-252.75,-161.0,-235.25,-179.75,-171.25,-140.47518173557546,false,true,false,true,-0.3356940509915014,false,true,false,false,false,true,false,false,false,false,false,false,false,false,false,false,false,false,true,1,false,false,false,false,false,false,false,false,true,true,true,false,true,21684.75,21622.25,21659.5,true,true,true
2025-02-25T08:31:00.000000,2025-02-25T08:32:00.000000,2025-02-25,2025,2025-02,2,8,32,short,21363.56,21376.0,21338.69,12.44,24.88,2.0,target,1,1,28.31,-0.19,0.08383233532934131,0.874251497005988,3.336663336663337,4.750949538795442,14.892857142857142,10.795,-50.949847509320534,-50.949847509320534,-47.82438924977032,-60.45872051569677,-106.75,-477.25,-71.75,-61.75,125.0,186.75,95.0,393.0,2,true,false,true,false,false,false,false,false,2515407,2025-02-25T14:32:00.000000,NQH5,21336.25,21363.75,21335.25,21350.25,3686,2025-02-25,14,32,2,21385.79379404525,-35.54379404525025,0.0006796105128716867,-0.00040966337375347717,-0.0024063452755032078,21367.832851811472,21380.40063789265,21394.406417750375,-17.58285181147221,-30.150637892649684,-44.15641775037511,28.5,16.571428571428573,11.2,1098.45,613.42,3.355637489189312,6.008933520263441,28.5,14.0,14.0,0.49122807017543857,13.5,1.0,0.0000702567885622063,-0.002962494584372588,-0.006791489561012165,-0.013910844135314626,2025-02-25,6,1,0,3,0,0,0,0,0,true,false,true,false,false,false,false,false,2025-02-25,8,32,1,512,true,true,false,true,false,false,0.47368421052631576,0.03508771929824561,bull,13.5875,8.2375,2.097516099356026,1.699544764795144,false,false,false,false,true,,,21363.75,21369.75,,6.0,false,true,21374.0,21332.25,21372.25,21335.75,-36.5,0.874251497005988,false,false,false,false,21801.75,21408.75,21421.0,21451.75,21356.75,21397.5,21210.75,186.75,95.0,393.0,false,true,false,false,false,false,false,false,-451.5,-58.5,-101.5,-6.5,-47.25,139.5,1.5,-63.25,-145.0,-297.0,-348.5,21397.5,21186.0,21397.5,21028.25,47.25,164.25,47.25,322.0,2025-02-25,false,false,true,21442.5,21675.0,21286.0,21813.0,21407.5,21427.25,21610.25,405.5,21675.0,21366.5,21449.75,21286.0,21442.5,21385.79379404525,-92.25,-462.75,-57.25,-260.0,-324.75,-16.25,-99.5,64.25,-92.25,-35.54379404525025,false,true,false,true,-0.14118372379778052,false,true,false,false,false,true,false,false,false,false,false,false,false,true,false,false,false,false,true,2,false,false,false,false,false,false,false,false,true,true,true,false,true,21402.0,21332.25,21402.0,true,false,true
2025-02-26T08:30:00.000000,2025-02-26T08:31:00.000000,2025-02-26,2025,2025-02,3,8,31,short,21228.75,21242.75,21200.75,14.0,28.0,2.0,target,1,1,36.5,-10.5,0.010416666666666666,0.9479166666666666,3.2764505119453924,5.731000731281993,16.303571428571427,11.645,-78.67814517554507,-78.67814517554507,-51.04200351150212,-69.37553095431213,-37.25,-481.75,203.25,-119.75,4.25,124.0,108.5,407.5,2,true,false,true,false,false,false,true,false,2516786,2025-02-26T14:31:00.000000,NQH5,21194.5,21239.25,21192.25,21238.25,4008,2025-02-26,14,31,3,21270.580952143322,-32.330952143322065,0.0021233175657344727,-0.0000353123970054936,-0.0002706646582564254,21234.01504872449,21243.716574605645,21261.669627779633,4.234951275509957,-5.466574605645292,-23.41962777963272,47.0,18.178571428571427,12.335,1070.45,639.68,3.744219720678219,6.265632816408204,47.0,43.75,43.75,0.9308510638297872,1.0,2.25,-0.001130036608477658,-0.00025896672277614385,0.0024248702223581553,0.003354796181417985,2025-02-26,10,2,0,3,0,0,0,1,0,true,false,true,false,false,false,true,false,2025-02-26,8,31,2,511,true,true,false,true,false,false,0.02127659574468085,0.047872340425531915,bull,16.5875,11.1,2.8334589299171067,3.9414414414414414,true,true,false,false,false,,,,,,,false,false,21240.75,21192.75,21238.75,21193.25,-45.5,0.9479166666666666,false,true,false,true,21397.5,20990.0,21164.0,21332.5,21224.0,21313.0,21189.0,124.0,108.5,407.5,false,false,false,false,false,true,false,false,-159.25,248.25,-94.25,14.25,-74.75,49.25,-24.0,-5.5,51.5,71.25,120.75,21313.0,21189.0,21373.0,21189.0,74.75,49.25,134.75,49.25,2025-02-26,false,false,true,21230.5,21332.5,21192.25,21675.0,20990.0,21196.0,21332.5,685.0,21280.5,21200.0,21329.25,21259.5,21230.5,21270.580952143322,7.75,-436.75,248.25,-94.25,-42.25,38.25,-91.0,-21.25,7.75,-32.330952143322065,true,false,false,true,0.3624087591240876,false,true,false,false,false,false,false,false,true,true,false,true,true,true,false,false,false,true,true,4,true,true,false,true,true,true,false,false,true,true,true,false,true,21261.0,21192.25,21255.75,true,true,true
2025-07-23T08:34:00.000000,2025-07-23T08:35:00.000000,2025-07-23,2025,2025-07,3,8,35,short,23163.06,23169.25,23150.69,6.19,12.38,2.0,target,1,1,12.56,-4.19,0.04477611940298507,0.9552238805970149,1.5005599104143337,1.4039758608448705,9.964285714285714,13.94,-61.96891530054563,-61.96891530054563,-23.87409459229093,-31.934437797659484,-31.25,-215.75,43.25,-52.25,0.75,53.0,128.0,98.25,1,false,false,false,false,false,false,false,false,2659419,2025-07-23T14:35:00.000000,NQU5,23151.25,23167.25,23150.5,23166.0,1446,2025-07-23,14,35,3,23212.848733504656,-46.848733504655684,0.0006371146266399563,-0.0007548471973601867,-0.0004638268954879621,23171.107712215144,23174.25513320255,23182.510538276183,-5.1077122151436924,-8.255133202550496,-16.51053827618307,16.75,10.482142857142858,13.61,1103.4,1397.82,1.310494834148994,1.0344679572477145,16.75,14.75,14.75,0.8805970149253731,1.25,0.75,-0.00012950012950008194,0.0007877924544590353,0.0008417508417508657,0.0018993352326686086,2025-07-23,0,0,0,0,0,0,0,0,0,false,false,false,false,false,false,false,false,2025-07-23,8,35,2,515,true,true,false,true,false,false,0.07462686567164178,0.04477611940298507,bull,10.7,6.3125,1.5654205607476637,2.3366336633663365,true,true,false,false,false,,,,,,,false,false,23167.25,23150.5,23167.25,23151.25,-16.0,0.9552238805970149,false,false,false,false,23257.75,23159.5,23199.0,23274.75,23146.75,23203.5,23150.5,53.0,128.0,98.25,false,true,false,true,false,false,false,false,-91.75,6.5,-108.75,19.25,-37.5,15.5,-3.0,18.25,19.5,44.0,43.75,23217.75,23150.5,23217.75,23150.5,51.75,15.5,51.75,15.5,2025-07-23,false,false,true,23182.5,23283.75,23146.75,23367.0,23108.0,23182.0,23237.5,259.0,23268.0,23181.0,23283.75,23230.25,23182.5,23212.848733504656,-16.5,-201.0,58.0,-71.5,-102.0,-15.0,-117.75,-64.25,-16.5,-46.848733504655684,false,true,false,true,0.22393822393822393,false,true,false,false,false,false,false,false,false,false,false,false,false,true,false,false,false,false,true,1,false,false,false,true,true,true,false,false,true,true,true,false,true,23194.75,23150.5,23186.0,true,true,true
2025-08-14T10:14:00.000000,2025-08-14T10:15:00.000000,2025-08-14,2025,2025-08,4,10,15,short,23879.75,23886.75,23865.75,7.0,14.0,2.0,target,1,1,15.0,-2.25,0.1125,0.7,1.7278617710583155,1.109744699690098,12.303571428571429,12.985,-45.4737406263157,-45.4737406263157,-32.04446343619202,-41.5663686219923,-81.75,-201.5,-19.0,-140.75,-73.5,67.25,143.75,87.25,2,false,false,false,false,false,false,false,false,2681597,2025-08-14T16:15:00.000000,NQU5,23867.0,23882.0,23864.75,23875.75,1323,2025-08-14,16,15,4,23912.305292445308,-36.555292445307714,0.00036661499141077414,-0.0007219687774662198,-0.0021419317089480527,23884.95063213345,23896.825943108935,23907.279452205443,-9.20063213344838,-21.075943108935462,-31.529452205442794,17.25,12.767857142857142,12.715,1033.55,1145.56,1.280054182187606,1.1548936764551836,17.25,8.75,8.75,0.5072463768115942,6.25,2.25,0.00008376700208367893,0.0007329612682323017,0.0012669759065160324,0.003507743212255221,2025-08-14,0,0,0,0,0,0,0,0,0,false,false,false,false,false,false,false,false,2025-08-14,10,15,3,615,true,false,false,true,false,false,0.36231884057971014,0.13043478260869565,bull,11.8125,5.9,1.4603174603174602,1.483050847457627,false,false,false,false,false,,,,,,,false,false,23884.75,23864.75,23881.0,23867.0,-14.0,0.7,false,false,false,false,23973.25,23886.0,23927.75,23960.25,23816.5,24007.75,23940.5,67.25,143.75,87.25,false,true,false,false,false,false,false,true,-97.5,-10.25,-84.5,59.25,-132.0,-64.75,2.0,17.5,30.25,83.75,32.5,23918.25,23864.75,23962.0,23864.75,42.5,11.0,86.25,11.0,2025-08-14,false,false,true,23948.75,24007.75,23793.25,24068.5,23886.0,23949.0,23977.25,182.5,23964.25,23897.75,23966.75,23793.25,23948.75,23912.305292445308,-73.0,-192.75,-10.25,-101.5,-88.5,-22.0,-91.0,82.5,-73.0,-36.555292445307714,false,true,false,true,-0.056164383561643834,false,true,false,false,false,true,false,false,false,false,false,false,false,true,false,false,false,false,true,2,false,false,false,false,false,false,false,false,true,true,true,false,true,23912.5,23864.75,23910.5,false,true,true
2025-09-03T10:40:00.000000,2025-09-03T10:41:00.000000,2025-09-03,2025,2025-09,3,10,41,short,23415.56,23424.0,23398.69,8.44,16.88,2.0,target,1,1,17.81,-0.44,0.04854368932038835,0.9514563106796117,2.3303167420814477,5.126650790214333,9.464285714285714,10.895,-25.817315708249225,-25.817315708249225,-30.976090621508774,-34.29874412771096,56.0,-87.0,372.25,-127.75,-34.75,93.0,102.25,359.0,1,false,false,false,false,false,false,false,false,2700702,2025-09-03T16:41:00.000000,NQU5,23398.0,23416.0,23397.75,23413.25,1251,2025-09-03,16,41,3,23423.28111670633,-10.031116706330067,0.0006731488406881425,-0.0008854655628574015,-0.0012477338167857788,23421.006037927087,23427.025986752793,23431.071342397212,-7.7560379270871636,-13.77598675279296,-17.821342397211993,18.5,9.803571428571429,11.08,915.4,846.46,1.3666156871313087,1.4779198071970323,18.25,15.25,15.25,0.8356164383561644,2.75,0.25,0.00018152114721359247,-0.0001281325745037254,0.001644368039464883,-0.0008435394488163217,2025-09-03,0,0,0,0,0,0,0,0,0,false,false,false,false,false,false,false,false,2025-09-03,10,41,2,641,true,false,false,true,false,false,0.1506849315068493,0.0136986301369863,bull,11.3375,6.7125,1.609702315325248,2.271880819366853,true,true,false,false,true,,,23416.0,23421.25,,5.25,false,true,23422.0,23396.25,23422.0,23397.5,-24.5,0.9514563106796117,false,false,false,false,23386.0,23027.0,23379.5,23472.25,23370.0,23525.25,23432.25,93.0,102.25,359.0,true,false,false,false,false,false,false,true,27.25,386.25,-59.0,43.25,-112.0,-19.0,4.25,-3.0,38.5,-19.75,-82.5,23440.75,23391.5,23462.0,23391.5,27.5,21.75,48.75,21.75,2025-09-03,false,false,true,23341.5,23525.25,23298.25,23484.5,23025.25,23341.5,23254.875,459.25,23345.5,23298.25,23458.5,23309.5,23341.5,23423.28111670633,71.75,-71.25,388.0,158.375,67.75,115.0,-45.25,103.75,71.75,-10.031116706330067,true,false,false,true,0.8448557430593359,true,false,false,false,false,false,false,false,false,false,false,false,false,false,false,true,false,false,true,1,false,false,false,false,false,false,false,false,true,true,true,false,true,23438.75,23396.25,23435.0,true,true,true
2025-11-04T10:40:00.000000,2025-11-04T10:41:00.000000,2025-11-04,2025,2025-11,2,10,41,short,25780.38,25790.25,25760.62,9.88,19.75,2.0,target,1,1,24.62,-1.12,0.05555555555555555,0.8492063492063492,1.992094861660079,1.311795874273368,16.0,17.045,-38.87731181982599,-38.87731181982599,-13.147674471114442,-24.56383940051819,-346.0,-507.5,-254.25,-122.25,95.5,217.75,82.0,250.5,1,false,false,false,false,false,false,false,false,2761360,2025-11-04T16:41:00.000000,NQZ5,25758.5,25781.5,25755.75,25779.0,1016,2025-11-04,16,41,2,25797.327016321287,-18.327016321287374,0.0007958537958343559,-0.00008727272727271362,0.001233141403450766,25774.305140882017,25772.347895950057,25782.904473149516,4.69485911798256,6.652104049942864,-3.9044731495159795,25.75,16.892857142857142,17.045,964.35,1162.88,1.0535593923368072,0.8736929003852504,25.75,20.5,20.5,0.7961165048543689,2.5,2.75,-0.0008728034446642274,-0.0019007719461576755,-0.0029384382637029915,-0.004199154350440271,2025-11-04,0,0,0,0,0,0,0,0,0,false,false,false,false,false,false,false,false,2025-11-04,10,41,1,641,true,false,false,true,false,false,0.0970873786407767,0.10679611650485436,bull,16.0125,7.2125,1.6081186572989852,2.8422876949740035,true,true,false,false,true,,,25781.5,25784.0,,2.5,false,true,25788.25,25756.75,25785.25,25758.5,-26.75,0.8492063492063492,false,true,false,true,26266.0,26015.5,26103.5,25766.0,25684.0,25880.75,25663.0,217.75,82.0,250.5,false,true,false,false,false,false,false,false,-487.0,-236.5,13.0,95.0,-101.75,116.0,-22.5,-49.0,-75.75,-108.25,-156.75,25796.5,25701.25,25796.5,25642.25,17.5,77.75,17.5,136.75,2025-11-04,false,false,true,26104.5,26104.5,25645.0,26266.0,26012.75,26109.5,26139.375,253.25,26104.5,25807.0,25825.5,25645.0,26104.5,25797.327016321287,-325.5,-487.0,-233.75,-360.375,-325.5,-28.0,-46.5,134.0,-325.5,-18.327016321287374,false,true,false,true,-0.9230009871668312,false,true,false,false,false,false,false,true,false,false,false,false,false,false,false,false,false,false,true,1,false,false,false,false,false,false,false,false,true,true,true,false,true,25795.0,25752.0,25776.75,true,false,true
2025-12-04T08:34:00.000000,2025-12-04T08:35:00.000000,2025-12-04,2025,2025-12,4,8,35,short,25604.44,25621.25,25570.81,16.81,33.62,2.0,target,1,1,53.69,-9.81,0.10970464135021098,0.8818565400843882,3.4649122807017543,4.388793350530238,20.535714285714285,12.49,-85.4535655949112,-85.4535655949112,-104.38500498604117,-106.7324048954033,-83.75,-118.75,145.0,-146.5,26.25,172.75,114.25,255.25,4,false,false,false,false,false,false,false,false,2790482,2025-12-04T14:35:00.000000,NQZ5,25567.5,25614.25,25550.75,25608.25,4560,2025-12-04,14,35,4,25649.91201237502,-41.66201237502173,0.0016329963037569062,-0.002366667965249869,-0.0037347909392415612,25640.150827982852,25664.919766415944,25670.68407529166,-31.900827982852206,-56.66976641594374,-62.43407529166143,63.5,24.5,13.605,1603.7,903.52,2.84342458065723,5.04692757216221,63.5,40.75,40.75,0.6417322834645669,6.0,16.75,0.0011617349877481864,-0.00030263684554787673,-0.001435084396629982,-0.0004100241133228044,2025-12-04,0,0,0,0,0,0,0,0,0,false,false,false,false,false,false,false,false,2025-12-04,8,35,3,515,true,true,false,true,false,false,0.09448818897637795,0.2637795275590551,bull,19.8125,13.0125,3.2050473186119874,3.1316042267050914,false,false,false,false,true,,,25614.25,25615.5,,1.25,false,false,25619.25,25560.0,25618.75,25566.5,-52.25,0.8818565400843882,false,true,false,true,25685.25,25430.0,25658.0,25732.5,25618.25,25713.0,25540.25,172.75,114.25,255.25,false,false,false,false,false,false,false,false,-77.0,178.25,-124.25,-10.0,-104.75,68.0,29.75,-7.75,-36.75,-10.5,-25.25,25642.75,25540.25,25642.75,25520.5,34.5,68.0,34.5,87.75,2025-12-04,false,false,true,25650.25,25732.5,25550.75,25685.25,25421.5,25645.75,25553.375,263.75,25666.0,25613.25,25692.5,25603.25,25650.25,25649.91201237502,-42.0,-77.0,186.75,54.875,-57.75,-5.0,-84.25,5.0,-42.0,-41.66201237502173,false,true,false,true,0.7080568720379147,true,false,false,true,false,false,false,false,false,true,false,true,false,false,false,true,true,true,true,5,false,false,false,true,true,true,false,false,true,true,true,false,true,25713.0,25550.75,25691.25,true,true,true
2026-02-18T08:34:00.000000,2026-02-18T08:35:00.000000,2026-02-18,2026,2026-02,3,8,35,short,24799.31,24812.5,24772.94,13.19,26.38,2.0,target,1,1,43.56,-6.94,0.0446927374301676,0.7988826815642458,2.1034077555816686,1.6544065638704202,25.892857142857142,14.385,-71.41989205759091,-71.41989205759091,-45.683536079795886,-62.57887559949813,-6.0,-122.0,318.5,-190.75,15.75,206.5,113.25,440.5,2,false,false,false,false,false,false,false,false,2861528,2026-02-18T14:35:00.000000,NQH6,24769.0,24806.25,24755.75,24782.75,3130,2026-02-18,14,35,3,24837.676923759765,-54.92692375976549,0.0006056262680300684,0.0002825343329666552,-0.0022444994665539175,24795.936431226837,24810.511294548385,24828.463037340694,-13.186431226837158,-27.761294548385195,-45.71303734069443,50.5,29.035714285714285,15.125,1560.8,774.26,2.0053818554587393,4.042569679435848,50.5,13.75,13.75,0.2722772277227723,23.5,13.25,0.0008776265749361745,0.0009684155309641618,0.010198626060465399,0.01042055461964475,2026-02-18,0,0,0,0,0,0,0,0,0,false,false,false,false,false,false,false,false,2026-02-18,8,35,2,515,true,true,false,true,false,false,0.46534653465346537,0.2623762376237624,bull,23.25,11.075,2.172043010752688,1.2415349887133185,false,false,false,false,false,,,,,,,false,false,24810.5,24765.75,24803.5,24767.75,-35.75,0.7988826815642458,false,true,false,true,24889.75,24449.25,24784.0,24921.75,24808.5,24958.5,24752.0,206.5,113.25,440.5,false,false,false,false,false,false,false,false,-107.0,333.5,-139.0,-25.75,-175.75,30.75,21.75,24.0,252.75,258.25,321.0,25019.5,24755.75,25074.0,24755.75,236.75,27.0,291.25,27.0,2026-02-18,false,false,true,24773.75,24962.5,24700.75,24889.75,24449.25,24768.25,24669.5,440.5,24847.0,24700.75,24962.5,24802.0,24773.75,24837.676923759765,9.0,-107.0,333.5,113.25,-64.25,82.0,-179.75,-19.25,9.0,-54.92692375976549,true,false,false,true,0.757094211123723,true,false,false,false,false,false,false,false,false,false,false,true,false,false,false,false,false,true,true,2,true,true,false,true,true,true,false,false,true,true,true,false,true,24833.75,24752.0,24829.75,true,true,true
2026-03-18T10:35:00.000000,2026-03-18T10:36:00.000000,2026-03-18,2026,2026-03,3,10,36,short,24848.75,24856.75,24832.75,8.0,16.0,2.0,target,1,1,16.75,-1.0,0.03125,0.8958333333333334,1.855072463768116,2.2199798183652875,13.553571428571429,14.235,-131.14005838797675,-131.14005838797675,-49.79069652898761,-56.30223674209992,-175.25,-285.5,251.5,-51.75,14.0,65.75,186.5,145.75,1,false,false,false,false,false,false,false,false,2889309,2026-03-18T16:36:00.000000,NQM6,24832.0,24849.75,24832.0,24848.75,861,2026-03-18,16,36,3,24962.279971063563,-113.5299710635627,0.0006946821577431539,-0.0016272085338047138,-0.002048213335475224,24865.76487327471,24878.191582573847,24886.270776477704,-17.014873274711135,-29.441582573846972,-37.5207764777042,18.25,14.142857142857142,14.045,514.05,541.9,1.6749343449080831,1.5888540321092453,17.75,16.75,16.75,0.9436619718309859,1.0,0.0,0.0003320086523466159,0.0002213391015644106,-0.00046279993963482813,0.0005935912269228183,2026-03-18,0,0,0,0,0,0,0,0,0,false,false,false,false,false,false,false,false,2026-03-18,10,36,2,636,true,false,false,true,false,false,0.056338028169014086,0.0,bull,12.925,6.475,1.3733075435203095,2.586872586872587,false,false,false,false,true,,,24849.75,24852.5,,2.75,false,true,24854.75,24830.75,24853.0,24831.5,-21.5,0.8958333333333334,false,false,false,false,25092.0,24946.25,25027.5,24998.25,24811.75,24883.25,24817.5,65.75,186.5,145.75,false,true,false,false,false,false,false,false,-243.25,-97.5,-149.5,37.0,-34.5,31.25,8.25,5.5,-11.5,14.75,-7.0,24876.5,24808.0,24876.5,24795.5,27.75,40.75,27.75,53.25,2026-03-18,false,false,true,25006.75,25210.5,24811.75,25117.0,24580.0,25006.75,24848.5,537.0,25170.5,24995.5,25210.5,24864.0,25006.75,24962.279971063563,-158.0,-268.25,268.75,0.25,-321.75,-146.75,-361.75,-15.25,-158.0,-113.5299710635627,false,true,false,true,0.500465549348231,true,false,false,false,false,false,false,false,false,false,false,false,false,false,false,false,false,true,true,1,false,false,false,false,false,false,false,false,true,true,true,false,true,24900.75,24830.75,24893.5,true,true,true
