label,trades,wins,losses,winrate,net_points,avg_trade,profit_factor,max_dd,first_trade,last_trade
mae_points_gt_q50_-6.62,65,65,0,100.0,1123.87,17.29,,0.0,2018-10-12 10:09:00,2026-03-18 10:36:00
mae_points_gt_q60_-4.0,51,51,0,100.0,876.5,17.19,,0.0,2018-10-12 10:09:00,2026-03-18 10:36:00
mae_points_gt_q75_-2.0,31,31,0,100.0,555.51,17.92,,0.0,2020-03-04 08:38:00,2026-03-18 10:36:00
mae_points_gt_q40_-8.38,77,74,3,96.1,1307.01,16.97,66.35,-7.19,2018-10-12 10:09:00,2026-03-18 10:36:00
lower_wick_pct_lt_q25_0.07921,33,29,4,87.88,496.31,15.04,15.57,-10.38,2018-10-12 10:09:00,2026-03-18 10:36:00
mae_points_gt_q30_-10.12,91,77,14,84.62,1306.55,14.36,13.61,-15.25,2018-10-12 10:09:00,2026-05-05 10:32:00
lower_wick_pct_lt_q30_0.09091,39,33,6,84.62,559.88,14.36,12.11,-14.69,2018-10-12 10:09:00,2026-03-18 10:36:00
mfe_points_gt_q75_25.62,32,27,5,84.38,598.06,18.69,11.08,-14.94,2019-08-29 08:38:00,2026-02-26 08:46:00
mae_points_gt_q25_-11.06,97,78,19,80.41,1293.67,13.34,9.96,-15.25,2018-10-12 10:09:00,2026-05-05 10:32:00
mae_points_gt_q20_-11.94,104,80,24,76.92,1315.73,12.65,8.0,-18.5,2018-10-12 10:09:00,2026-05-05 10:32:00
lower_wick_pct_lt_q40_0.11628,52,39,13,75.0,612.5,11.78,6.71,-23.94,2018-10-12 10:09:00,2026-03-18 10:36:00
rel_vol_20_lt_q30_1.55776,39,29,10,74.36,441.45,11.32,6.31,-14.19,2020-04-03 10:33:00,2026-05-05 10:32:00
mfe_points_gt_q60_21.94,52,38,14,73.08,725.08,13.94,5.69,-45.94,2019-08-29 08:38:00,2026-03-16 08:48:00
body_pct_gt_q75_0.84043,32,23,9,71.88,360.6,11.27,5.69,-28.44,2018-10-12 10:09:00,2026-03-18 10:36:00
range_expansion_20_lt_q25_1.61596,33,23,10,69.7,341.25,10.34,5.57,-15.19,2020-02-27 08:33:00,2026-02-26 08:46:00
lower_wick_pct_lt_q50_0.13757,65,46,19,70.77,675.12,10.39,5.36,-33.25,2018-10-12 10:09:00,2026-03-18 10:36:00
mae_points_gt_q10_-15.69,117,80,37,68.38,1207.65,10.32,5.08,-23.94,2018-10-12 10:09:00,2026-05-05 10:32:00
rel_vol_20_lt_q25_1.47237,33,23,10,69.7,338.94,10.27,5.08,-14.19,2020-04-03 10:33:00,2026-05-05 10:32:00
mfe_points_gt_q50_19.0,65,46,19,70.77,806.25,12.4,4.9,-45.94,2019-08-29 08:38:00,2026-03-16 08:48:00
body_pct_gt_q60_0.79121,52,35,17,67.31,535.53,10.3,4.86,-30.82,2018-10-12 10:09:00,2026-03-18 10:36:00
mfe_points_gt_q25_15.25,97,69,28,71.13,1077.05,11.1,4.84,-34.12,2019-08-29 08:38:00,2026-03-18 10:36:00
range_expansion_20_lt_q30_1.68981,39,26,13,66.67,371.49,9.53,4.7,-21.75,2020-02-27 08:33:00,2026-02-26 08:46:00
risk_points_gt_q75_10.94,32,22,10,68.75,461.95,14.44,4.69,-35.56,2019-08-29 08:38:00,2026-03-16 08:48:00
mfe_points_gt_q20_14.12,104,73,31,70.19,1111.67,10.69,4.68,-34.12,2018-12-21 08:32:00,2026-03-18 10:36:00
rel_vol_20_lt_q40_1.73417,52,35,17,67.31,511.3,9.83,4.58,-31.07,2018-10-12 10:09:00,2026-05-05 10:32:00
mfe_points_gt_q30_16.06,91,63,28,69.23,1000.05,10.99,4.56,-34.12,2019-08-29 08:38:00,2026-03-18 10:36:00
lower_wick_pct_lt_q60_0.17,78,52,26,66.67,747.41,9.58,4.49,-33.25,2018-10-12 10:09:00,2026-03-18 10:36:00
mfe_points_gt_q40_17.5,76,52,24,68.42,860.31,11.32,4.44,-31.56,2019-08-29 08:38:00,2026-03-16 08:48:00
range_expansion_20_gt_q75_2.20826,32,22,10,68.75,338.93,10.59,4.41,-26.25,2018-12-06 08:34:00,2026-01-08 08:32:00
risk_points_gt_q60_8.88,51,34,17,66.67,635.34,12.46,4.3,-45.94,2019-08-29 08:38:00,2026-03-16 08:48:00
risk_points_gt_q50_8.44,63,42,21,66.67,739.02,11.73,4.25,-31.56,2019-08-29 08:38:00,2026-03-16 08:48:00
range_expansion_20_lt_q40_1.7684,52,34,18,65.38,462.87,8.9,4.25,-21.75,2020-02-27 08:33:00,2026-03-16 08:48:00
body_pct_gt_q50_0.75714,65,42,23,64.62,596.23,9.17,4.16,-24.01,2018-10-12 10:09:00,2026-03-18 10:36:00
lower_wick_pct_lt_q75_0.21939,98,64,34,65.31,874.67,8.93,4.14,-33.25,2018-10-12 10:09:00,2026-03-18 10:36:00
rel_vol_20_gt_q75_2.89796,32,21,11,65.62,314.93,9.84,4.14,-17.0,2019-08-29 08:38:00,2026-01-08 08:32:00
mfe_points_gt_q10_12.81,117,78,39,66.67,1117.23,9.55,4.09,-34.12,2018-10-12 10:09:00,2026-03-18 10:36:00
rel_vol_20_lt_q50_1.97339,65,42,23,64.62,597.92,9.2,4.09,-30.13,2018-10-12 10:09:00,2026-05-05 10:32:00
body_pct_gt_q40_0.73548,78,50,28,64.1,710.54,9.11,4.05,-24.01,2018-10-12 10:09:00,2026-03-18 10:36:00
body_pct_gt_q30_0.70707,91,58,33,63.74,824.73,9.06,4.0,-32.32,2018-10-12 10:09:00,2026-03-18 10:36:00
body_pct_gt_q25_0.7,97,61,36,62.89,837.92,8.64,3.76,-30.19,2018-10-12 10:09:00,2026-03-18 10:36:00
risk_points_gt_q40_7.75,78,49,29,62.82,787.38,10.09,3.68,-31.56,2019-08-29 08:38:00,2026-03-18 10:36:00
risk_points_gt_q30_7.31,89,56,33,62.92,863.49,9.7,3.67,-30.19,2019-08-29 08:38:00,2026-03-18 10:36:00
range_expansion_20_lt_q50_1.85567,65,41,24,63.08,527.86,8.12,3.66,-28.21,2020-02-21 08:50:00,2026-03-18 10:36:00
risk_points_gt_q25_7.0,97,61,36,62.89,914.16,9.42,3.65,-34.12,2018-12-27 08:36:00,2026-03-18 10:36:00
body_pct_gt_q20_0.69014,104,65,39,62.5,883.67,8.5,3.64,-30.19,2018-10-12 10:09:00,2026-05-05 10:32:00
rel_vol_20_lt_q60_2.37908,78,49,29,62.82,653.12,8.37,3.55,-30.19,2018-10-12 10:09:00,2026-05-05 10:32:00
range_expansion_20_gt_q60_1.99209,52,33,19,63.46,461.68,8.88,3.53,-26.81,2018-12-06 08:34:00,2026-02-18 08:35:00
risk_points_gt_q20_6.75,104,64,40,61.54,928.28,8.93,3.49,-34.12,2018-10-12 10:09:00,2026-03-18 10:36:00
body_pct_gt_q10_0.66667,117,72,45,61.54,954.99,8.16,3.45,-32.25,2018-10-12 10:09:00,2026-05-05 10:32:00
risk_points_gt_q10_6.5,115,69,46,60.0,954.27,8.3,3.31,-34.12,2018-10-12 10:09:00,2026-03-18 10:36:00
range_expansion_20_gt_q10_1.53569,117,71,46,60.68,932.18,7.97,3.3,-34.12,2018-10-12 10:09:00,2026-05-05 10:32:00
range_expansion_20_gt_q50_1.85567,65,39,26,60.0,538.3,8.28,3.25,-28.56,2018-10-12 10:09:00,2026-05-05 10:32:00
rel_vol_20_lt_q75_2.89796,98,59,39,60.2,751.42,7.67,3.23,-30.19,2018-10-12 10:09:00,2026-05-05 10:32:00
range_expansion_20_lt_q60_1.99209,78,46,32,58.97,578.23,7.41,3.21,-23.07,2018-10-12 10:09:00,2026-05-05 10:32:00
range_expansion_20_lt_q75_2.20826,98,58,40,59.18,730.42,7.45,3.18,-27.88,2018-10-12 10:09:00,2026-05-05 10:32:00
lower_wick_pct_gt_q10_0.03738,117,69,48,58.97,885.16,7.57,3.12,-34.12,2018-10-12 10:09:00,2026-05-05 10:32:00
range_expansion_20_gt_q40_1.7684,78,46,32,58.97,608.48,7.8,3.1,-28.56,2018-10-12 10:09:00,2026-05-05 10:32:00
rel_vol_20_gt_q60_2.37908,52,30,22,57.69,393.92,7.58,3.09,-36.25,2018-12-06 08:34:00,2026-01-08 08:32:00
rel_vol_20_gt_q20_1.41718,104,61,43,58.65,788.42,7.58,3.07,-34.12,2018-10-12 10:09:00,2026-05-05 10:32:00
rel_vol_20_gt_q10_1.30503,117,69,48,58.97,866.73,7.41,3.05,-34.12,2018-10-12 10:09:00,2026-05-05 10:32:00
range_expansion_20_gt_q20_1.59057,104,61,43,58.65,782.54,7.52,3.04,-45.94,2018-10-12 10:09:00,2026-05-05 10:32:00
rel_vol_20_gt_q50_1.97339,65,38,27,58.46,475.36,7.31,3.0,-53.81,2018-12-06 08:34:00,2026-03-18 10:36:00
body_pct_lt_q75_0.84043,98,57,41,58.16,706.94,7.21,2.97,-42.5,2018-12-06 08:34:00,2026-05-05 10:32:00
rel_vol_20_gt_q25_1.47237,97,56,41,57.73,706.72,7.29,2.96,-34.12,2018-10-12 10:09:00,2026-03-18 10:36:00
range_expansion_20_gt_q30_1.68981,91,53,38,58.24,675.05,7.42,2.96,-35.56,2018-10-12 10:09:00,2026-05-05 10:32:00
range_expansion_20_gt_q25_1.61596,97,56,41,57.73,694.16,7.16,2.88,-45.94,2018-10-12 10:09:00,2026-05-05 10:32:00
body_pct_lt_q50_0.75714,65,38,27,58.46,469.81,7.23,2.88,-33.18,2018-12-06 08:34:00,2026-05-05 10:32:00
risk_points_lt_q75_10.94,98,57,41,58.16,575.83,5.88,2.81,-32.25,2018-10-12 10:09:00,2026-05-05 10:32:00
body_pct_lt_q40_0.73548,52,30,22,57.69,360.81,6.94,2.81,-49.68,2018-12-06 08:34:00,2026-05-05 10:32:00
body_pct_lt_q60_0.79121,78,45,33,57.69,531.82,6.82,2.79,-41.5,2018-12-06 08:34:00,2026-05-05 10:32:00
rel_vol_20_gt_q30_1.55776,91,51,40,56.04,626.59,6.89,2.78,-34.12,2018-10-12 10:09:00,2026-03-18 10:36:00
rel_vol_20_gt_q40_1.73417,78,44,34,56.41,535.24,6.86,2.78,-34.12,2018-12-06 08:34:00,2026-03-18 10:36:00
risk_points_lt_q60_8.88,78,45,33,57.69,415.45,5.33,2.71,-32.25,2018-10-12 10:09:00,2026-05-05 10:32:00
risk_points_lt_q40_7.75,52,30,22,57.69,256.78,4.94,2.7,-28.25,2018-10-12 10:09:00,2026-05-05 10:32:00
wick_gt_q20_body_lt_q75,91,50,41,54.95,575.81,6.33,2.6,-57.62,2018-12-06 08:34:00,2026-05-05 10:32:00
lower_wick_pct_gt_q20_0.05769,104,56,48,53.85,664.16,6.39,2.59,-43.18,2018-12-06 08:34:00,2026-05-05 10:32:00
risk_points_lt_q30_7.31,37,21,16,56.76,166.93,4.51,2.57,-26.5,2018-10-12 10:09:00,2026-05-05 10:32:00
body_pct_lt_q30_0.70707,39,22,17,56.41,243.12,6.23,2.51,-34.81,2018-12-06 08:34:00,2026-05-05 10:32:00
body_pct_lt_q25_0.7,33,18,15,54.55,207.74,6.3,2.47,-37.37,2018-12-06 08:34:00,2026-05-05 10:32:00
wick_gt_q30_body_lt_q75,80,43,37,53.75,469.62,5.87,2.43,-57.62,2018-12-06 08:34:00,2026-05-05 10:32:00
risk_points_lt_q50_8.44,65,36,29,55.38,295.32,4.54,2.42,-34.38,2018-10-12 10:09:00,2026-05-05 10:32:00
wick_gt_q25_body_lt_q75,85,45,40,52.94,484.88,5.7,2.38,-57.62,2018-12-06 08:34:00,2026-05-05 10:32:00
lower_wick_pct_gt_q40_0.11628,78,41,37,52.56,454.54,5.83,2.38,-81.0,2018-12-06 08:34:00,2026-05-05 10:32:00
risk_points_lt_q25_7.0,31,17,14,54.84,124.5,4.02,2.36,-19.31,2018-10-12 10:09:00,2026-05-05 10:32:00
lower_wick_pct_gt_q25_0.07921,97,50,47,51.55,546.73,5.64,2.33,-67.0,2018-12-06 08:34:00,2026-05-05 10:32:00
lower_wick_pct_gt_q30_0.09091,91,47,44,51.65,506.59,5.57,2.31,-73.63,2018-12-06 08:34:00,2026-05-05 10:32:00
lower_wick_pct_gt_q60_0.17,52,27,25,51.92,295.75,5.69,2.29,-62.74,2020-03-04 08:38:00,2026-05-05 10:32:00
lower_wick_pct_gt_q50_0.13757,65,33,32,50.77,356.92,5.49,2.23,-71.62,2018-12-27 08:36:00,2026-05-05 10:32:00
wick_body_relvol,64,33,31,51.56,342.19,5.35,2.23,-59.06,2018-12-06 08:34:00,2026-02-10 10:23:00
mfe_points_lt_q75_25.62,98,52,46,53.06,438.85,4.48,2.14,-58.75,2018-10-12 10:09:00,2026-05-05 10:32:00
mfe_points_lt_q60_21.94,78,41,37,52.56,319.96,4.1,2.1,-28.43,2018-10-12 10:09:00,2026-05-05 10:32:00
mae_points_lt_q75_-2.0,98,47,51,47.96,471.15,4.81,2.06,-54.18,2018-10-12 10:09:00,2026-05-05 10:32:00
mfe_points_lt_q50_19.0,65,33,32,50.77,235.91,3.63,1.99,-37.44,2018-10-12 10:09:00,2026-05-05 10:32:00
lower_wick_pct_gt_q75_0.21939,32,15,17,46.88,156.49,4.89,1.94,-59.17,2020-04-16 10:18:00,2026-05-05 10:32:00
wick_body_range_v1,67,32,35,47.76,280.62,4.19,1.88,-82.19,2018-12-06 08:34:00,2026-05-05 10:32:00
mfe_points_lt_q40_17.5,52,25,27,48.08,150.35,2.89,1.78,-45.01,2018-10-12 10:09:00,2026-05-05 10:32:00
wick_body_range_v2,57,26,31,45.61,196.76,3.45,1.69,-96.81,2018-12-06 08:34:00,2026-05-05 10:32:00
wick_body_range_strict,48,20,28,41.67,120.01,2.5,1.46,-103.55,2018-12-06 08:34:00,2026-05-05 10:32:00
mae_points_lt_q60_-4.0,78,27,51,34.62,149.16,1.91,1.34,-111.5,2018-12-06 08:34:00,2026-05-05 10:32:00
mfe_points_lt_q30_16.06,39,16,23,41.03,46.73,1.2,1.29,-53.2,2018-10-12 10:09:00,2026-05-05 10:32:00
mfe_points_lt_q25_15.25,33,10,23,30.3,-31.89,-0.97,0.8,-66.82,2018-10-12 10:09:00,2026-05-05 10:32:00
mae_points_lt_q50_-6.62,65,14,51,21.54,-88.46,-1.36,0.8,-187.51,2018-12-06 08:34:00,2026-05-05 10:32:00
mae_points_lt_q40_-8.38,51,4,47,7.84,-290.47,-5.7,0.3,-358.52,2018-12-06 08:34:00,2026-05-05 10:32:00
mae_points_lt_q30_-10.12,39,3,36,7.69,-239.51,-6.14,0.28,-280.44,2018-12-06 08:34:00,2026-02-26 08:46:00
mae_points_lt_q25_-11.06,32,1,31,3.12,-257.07,-8.03,0.12,-268.38,2018-12-06 08:34:00,2026-01-08 08:32:00
