signal_time,entry_time,trade_date,year,month,day_of_week,hour,minute,side,entry_price,stop_price,target_price,risk_points,result_points,result_rr,exit_reason,bars_held,fill_bars,mfe_points,mae_points,lower_wick_pct,body_pct,range_expansion_20,rel_vol_20
2018-12-06T08:33:00.000000,2018-12-06T08:34:00.000000,2018-12-06,2018,2018-12,4,8,34,short,6657.81,6664.5,6644.44,6.69,-6.69,-1.0,stop,1,1,12.56,-21.19,0.13333333333333333,0.6666666666666666,2.245508982035928,2.897962252800962
2018-12-21T08:31:00.000000,2018-12-21T08:32:00.000000,2018-12-21,2018,2018-12,5,8,32,short,6293.38,6300.0,6280.12,6.62,-6.62,-1.0,stop_same_bar,1,1,14.88,-9.62,0.12162162162162163,0.6756756756756757,1.9096774193548387,2.5951693357836705
2018-12-27T08:35:00.000000,2018-12-27T08:36:00.000000,2018-12-27,2018,2018-12,4,8,36,short,6194.81,6202.0,6180.44,7.19,-7.19,-1.0,stop,1,1,12.56,-7.44,0.1566265060240964,0.6506024096385542,1.9506462984723856,2.7180159290251034
2020-02-27T08:32:00.000000,2020-02-27T08:33:00.000000,2020-02-27,2020,2020-02,4,8,33,short,8654.12,8662.0,8638.38,7.88,-7.88,-1.0,stop_same_bar,1,1,18.38,-15.62,0.14893617021276595,0.8404255319148937,1.5918712955122778,3.008181578252837
2020-04-03T10:32:00.000000,2020-04-03T10:33:00.000000,2020-04-03,2020,2020-04,5,10,33,short,7486.0,7492.0,7474.0,6.0,-6.0,-1.0,stop,3,1,10.25,-8.0,0.1875,0.71875,1.7728531855955678,1.3129221071589374
2020-06-26T08:50:00.000000,2020-06-26T08:51:00.000000,2020-06-26,2020,2020-06,5,8,51,short,9869.56,9877.75,9853.19,8.19,-8.19,-1.0,stop_same_bar,1,1,16.81,-14.44,0.06060606060606061,0.8080808080808081,1.5068493150684932,1.6703399279176498
2020-08-27T10:53:00.000000,2020-08-27T10:54:00.000000,2020-08-27,2020,2020-08,4,10,54,short,11854.81,11863.5,11837.44,8.69,-8.69,-1.0,stop_same_bar,1,1,17.56,-11.94,0.09345794392523364,0.8317757009345794,1.671875,1.610952380952381
2020-11-18T08:33:00.000000,2020-11-18T08:34:00.000000,2020-11-18,2020,2020-11,3,8,34,short,11958.94,11966.25,11944.31,7.31,-7.31,-1.0,stop,2,1,13.19,-19.06,0.15294117647058825,0.8352941176470589,3.0357142857142856,3.308317698561601
2020-12-15T10:07:00.000000,2020-12-15T10:08:00.000000,2020-12-15,2020,2020-12,2,10,8,short,12485.5,12492.0,12472.5,6.5,-6.5,-1.0,stop,4,1,12.75,-8.5,0.08333333333333333,0.7916666666666666,1.8556701030927836,1.917561255428993
2021-02-17T10:25:00.000000,2021-02-17T10:26:00.000000,2021-02-17,2021,2021-02,3,10,26,short,13562.5,13569.25,13549.0,6.75,-6.75,-1.0,stop,1,1,10.0,-13.5,0.23684210526315788,0.6710526315789473,1.5291750503018107,1.2325443786982249
2021-02-23T08:35:00.000000,2021-02-23T08:36:00.000000,2021-02-23,2021,2021-02,2,8,36,short,12943.06,12950.75,12927.69,7.69,-7.69,-1.0,stop,1,1,15.06,-20.94,0.17582417582417584,0.7912087912087912,1.7251184834123223,3.0516787260452305
2021-09-30T10:24:00.000000,2021-09-30T10:25:00.000000,2021-09-30,2021,2021-09,4,10,25,short,14707.31,14714.75,14692.44,7.44,-7.44,-1.0,stop,1,1,12.56,-11.94,0.22988505747126436,0.735632183908046,1.5236427320490367,1.0534346665101675
2022-01-11T08:31:00.000000,2022-01-11T08:32:00.000000,2022-01-11,2022,2022-01,2,8,32,short,15538.38,15551.0,15513.12,12.62,-12.62,-1.0,stop_same_bar,1,1,28.12,-19.62,0.24705882352941178,0.7058823529411765,2.7530364372469633,5.011261261261261
2022-09-02T10:37:00.000000,2022-09-02T10:38:00.000000,2022-09-02,2022,2022-09,5,10,38,short,12268.88,12277.25,12252.12,8.38,-8.38,-1.0,stop_same_bar,1,1,17.62,-8.62,0.09803921568627451,0.8627450980392157,1.562021439509954,1.557764546546393
2022-09-08T10:07:00.000000,2022-09-08T10:08:00.000000,2022-09-08,2022,2022-09,4,10,8,short,12199.06,12208.75,12179.69,9.69,-9.69,-1.0,stop,1,1,13.56,-9.69,0.3089430894308943,0.6910569105691057,2.208258527827648,2.6654519807217585
2022-09-19T10:06:00.000000,2022-09-19T10:07:00.000000,2022-09-19,2022,2022-09,1,10,7,short,11862.69,11869.25,11849.56,6.56,-6.56,-1.0,stop_same_bar,1,1,13.94,-20.06,0.1095890410958904,0.8493150684931506,1.6666666666666667,3.021912445696281
2022-10-03T10:52:00.000000,2022-10-03T10:53:00.000000,2022-10-03,2022,2022-10,1,10,53,short,11190.12,11197.5,11175.38,7.38,-7.38,-1.0,stop,4,1,14.12,-10.12,0.11627906976744186,0.8372093023255814,2.193877551020408,2.4824729126832374
2022-11-25T08:34:00.000000,2022-11-25T08:35:00.000000,2022-11-25,2022,2022-11,5,8,35,short,11781.25,11788.25,11767.25,7.0,-7.0,-1.0,stop,2,1,13.25,-15.5,0.175,0.7875,2.551834130781499,2.3922847429404013
2022-12-01T08:37:00.000000,2022-12-01T08:38:00.000000,2022-12-01,2022,2022-12,4,8,38,short,12084.56,12092.75,12068.19,8.19,-8.19,-1.0,stop_same_bar,2,1,26.06,-9.94,0.21212121212121213,0.7070707070707071,1.9879518072289157,1.6307362581946545
2023-11-15T08:36:00.000000,2023-11-15T08:37:00.000000,2023-11-15,2023,2023-11,3,8,37,short,15963.56,15970.25,15950.19,6.69,-6.69,-1.0,stop,2,1,12.31,-8.94,0.09333333333333334,0.88,1.9280205655526994,1.8066123493367452
2023-12-05T10:54:00.000000,2023-12-05T10:55:00.000000,2023-12-05,2023,2023-12,2,10,55,short,15844.88,15851.0,15832.62,6.12,-6.12,-1.0,stop,2,1,11.38,-10.38,0.12121212121212122,0.7878787878787878,1.6058394160583942,2.7648533201539167
2024-02-15T08:44:00.000000,2024-02-15T08:45:00.000000,2024-02-15,2024,2024-02,4,8,45,short,17857.19,17865.5,17840.56,8.31,-8.31,-1.0,stop,3,1,16.19,-10.56,0.297029702970297,0.6732673267326733,1.717687074829932,1.3931321031406574
2024-04-12T08:59:00.000000,2024-04-12T09:00:00.000000,2024-04-12,2024,2024-04,5,9,0,short,18206.94,18213.5,18193.81,6.56,-6.56,-1.0,stop_same_bar,1,1,13.19,-11.06,0.2602739726027397,0.726027397260274,1.7980295566502462,1.3507356685337548
2024-07-23T10:57:00.000000,2024-07-23T10:58:00.000000,2024-07-23,2024,2024-07,2,10,58,short,19946.56,19955.25,19929.19,8.69,-8.69,-1.0,stop,3,1,12.81,-10.94,0.32710280373831774,0.6542056074766355,2.0245979186376535,3.2344561756326464
2024-08-22T08:49:00.000000,2024-08-22T08:50:00.000000,2024-08-22,2024,2024-08,4,8,50,short,19881.5,19892.5,19859.5,11.0,-11.0,-1.0,stop,6,1,21.0,-11.75,0.2708333333333333,0.6597222222222222,2.0809248554913293,1.9103061664510563
2024-09-23T10:15:00.000000,2024-09-23T10:16:00.000000,2024-09-23,2024,2024-09,1,10,16,short,20058.44,20066.75,20041.81,8.31,-8.31,-1.0,stop,2,1,13.69,-21.56,0.27722772277227725,0.7128712871287128,2.1174004192872116,3.0755220981058766
2024-10-02T10:59:00.000000,2024-10-02T11:00:00.000000,2024-10-02,2024,2024-10,3,11,0,short,19997.06,20005.5,19980.19,8.44,-8.44,-1.0,stop_same_bar,1,1,22.31,-8.94,0.10679611650485436,0.8932038834951457,2.1845174973488866,2.7871886120996443
2024-11-11T08:32:00.000000,2024-11-11T08:33:00.000000,2024-11-11,2024,2024-11,1,8,33,short,21280.31,21289.0,21262.94,8.69,-8.69,-1.0,stop_same_bar,1,1,19.06,-12.19,0.037383177570093455,0.8504672897196262,3.407643312101911,4.071626518865914
2024-11-11T08:39:00.000000,2024-11-11T08:40:00.000000,2024-11-11,2024,2024-11,1,8,40,short,21254.69,21261.5,21241.06,6.81,-6.81,-1.0,stop_same_bar,1,1,14.69,-7.06,0.09090909090909091,0.6883116883116883,1.5415415415415414,1.881893465446787
2024-12-12T08:37:00.000000,2024-12-12T08:38:00.000000,2024-12-12,2024,2024-12,4,8,38,short,21677.12,21684.0,21663.38,6.88,-6.88,-1.0,stop,1,1,13.62,-14.12,0.16666666666666666,0.8076923076923077,1.5339233038348081,1.1533795763476313
2025-01-29T08:34:00.000000,2025-01-29T08:35:00.000000,2025-01-29,2025,2025-01,3,8,35,short,21555.12,21564.5,21536.38,9.38,-9.38,-1.0,stop_same_bar,1,1,19.88,-11.88,0.16101694915254236,0.7542372881355932,2.507970244420829,2.3395030071331995
2025-01-29T08:37:00.000000,2025-01-29T08:38:00.000000,2025-01-29,2025,2025-01,3,8,38,short,21547.88,21557.0,21529.62,9.12,-9.12,-1.0,stop,2,1,17.62,-11.12,0.19298245614035087,0.7807017543859649,1.9387755102040818,1.7814462587475328
2025-01-30T10:14:00.000000,2025-01-30T10:15:00.000000,2025-01-30,2025,2025-01,4,10,15,short,21448.56,21460.25,21425.19,11.69,-11.69,-1.0,stop,4,1,22.81,-15.69,0.15483870967741936,0.7354838709677419,1.7683970336565886,2.2358372278582013
2025-02-28T08:34:00.000000,2025-02-28T08:35:00.000000,2025-02-28,2025,2025-02,5,8,35,short,20489.19,20500.75,20466.06,11.56,-11.56,-1.0,stop_same_bar,1,1,24.69,-57.06,0.12418300653594772,0.8496732026143791,1.7258883248730963,2.079706540661527
2025-03-03T08:30:00.000000,2025-03-03T08:31:00.000000,2025-03-03,2025,2025-03,1,8,31,short,21051.44,21062.75,21028.81,11.31,-11.31,-1.0,stop_same_bar,1,1,23.44,-18.06,0.11409395973154363,0.7449664429530202,3.62089914945322,7.3663624511082135
2025-04-28T08:41:00.000000,2025-04-28T08:42:00.000000,2025-04-28,2025,2025-04,1,8,42,short,19506.31,19519.0,19480.94,12.69,-12.69,-1.0,stop,2,1,23.31,-16.94,0.2807017543859649,0.6900584795321637,1.841680129240711,1.3570869224745497
2025-05-16T08:44:00.000000,2025-05-16T08:45:00.000000,2025-05-16,2025,2025-05,5,8,45,short,21342.88,21351.75,21325.12,8.88,-8.88,-1.0,stop_same_bar,1,1,22.62,-13.12,0.16363636363636364,0.8363636363636363,1.7944535073409462,1.6599902661824717
2025-06-05T10:52:00.000000,2025-06-05T10:53:00.000000,2025-06-05,2025,2025-06,4,10,53,short,21709.06,21724.0,21679.19,14.94,-14.94,-1.0,stop,2,1,28.81,-16.44,0.30434782608695654,0.6956521739130435,2.7005870841487276,2.573022417795641
2025-07-09T08:36:00.000000,2025-07-09T08:37:00.000000,2025-07-09,2025,2025-07,3,8,37,short,22985.38,22995.0,22966.12,9.62,-9.62,-1.0,stop,2,1,17.62,-13.12,0.28688524590163933,0.7131147540983607,2.1143847487001732,2.322325293753865
2025-07-16T08:58:00.000000,2025-07-16T08:59:00.000000,2025-07-16,2025,2025-07,3,8,59,short,22985.12,22994.5,22966.38,9.38,-9.38,-1.0,stop_same_bar,1,1,19.38,-9.62,0.1271186440677966,0.847457627118644,1.5157353885677587,1.3089309175349078
2025-08-13T10:50:00.000000,2025-08-13T10:51:00.000000,2025-08-13,2025,2025-08,3,10,51,short,23899.12,23905.5,23886.38,6.38,-6.38,-1.0,stop,2,1,9.38,-8.38,0.21428571428571427,0.7571428571428571,2.108433734939759,2.6509274873524453
2025-08-20T08:46:00.000000,2025-08-20T08:47:00.000000,2025-08-20,2025,2025-08,3,8,47,short,23074.44,23087.0,23049.31,12.56,-12.56,-1.0,stop,2,1,23.69,-12.56,0.1952662721893491,0.7692307692307693,1.981242672919109,1.4295690343176377
2025-10-10T08:36:00.000000,2025-10-10T08:37:00.000000,2025-10-10,2025,2025-10,5,8,37,short,25334.5,25342.0,25319.5,7.5,-7.5,-1.0,stop,1,1,10.0,-11.75,0.26136363636363635,0.7045454545454546,1.7425742574257426,1.6074362300043235
2025-11-12T08:34:00.000000,2025-11-12T08:35:00.000000,2025-11-12,2025,2025-11,3,8,35,short,25689.94,25697.25,25675.31,7.31,-7.31,-1.0,stop_same_bar,1,1,17.44,-15.06,0.21176470588235294,0.788235294117647,1.7119838872104733,2.4534754254811513
2025-11-17T08:30:00.000000,2025-11-17T08:31:00.000000,2025-11-17,2025,2025-11,1,8,31,short,24988.56,25001.75,24962.19,13.19,-13.19,-1.0,stop,1,1,26.06,-27.69,0.3016759776536313,0.6536312849162011,3.210762331838565,7.511958896828678
2025-11-20T08:33:00.000000,2025-11-20T08:34:00.000000,2025-11-20,2025,2025-11,4,8,34,short,25186.12,25199.75,25158.88,13.62,-13.62,-1.0,stop,1,1,20.88,-18.88,0.25268817204301075,0.6720430107526881,2.0327868852459017,1.9733897546486554
2026-01-02T08:35:00.000000,2026-01-02T08:36:00.000000,2026-01-02,2026,2026-01,5,8,36,short,25676.19,25686.0,25656.56,9.81,-9.81,-1.0,stop_same_bar,1,1,25.44,-22.31,0.088,0.736,1.846381093057607,1.717796151765706
2026-01-08T08:31:00.000000,2026-01-08T08:32:00.000000,2026-01-08,2026,2026-01,4,8,32,short,25752.81,25761.0,25736.44,8.19,-8.19,-1.0,stop_same_bar,1,1,23.31,-12.69,0.2727272727272727,0.6565656565656566,2.3459715639810423,5.837349397590361
2026-05-05T10:31:00.000000,2026-05-05T10:32:00.000000,2026-05-05,2026,2026-05,2,10,32,short,28113.5,28120.0,28100.5,6.5,-6.5,-1.0,stop,4,1,8.75,-9.25,0.2916666666666667,0.6944444444444444,1.875,1.4404033129276197
